Model,Property,Epoch,Train_Loss,Test_Loss,Test_AUC,Test_Acc,Grad_Atom,Grad_Bond,Grad_GNN
quantum,gap,1,0.6793630268909038,0.6167324265283531,0.6904055438986945,0.6426666666666667,0.216043218455847,0.12490040120753865,0.35278949137031274
quantum,gap,2,0.5841766621770221,0.5717031251294539,0.7718802157538482,0.682,0.3554479400505391,0.3304584161055873,0.6284992518186648
quantum,gap,3,0.5039759719819558,0.5174839342980024,0.8103329814813509,0.7333333333333334,0.4144671908942639,0.4619788864190338,0.8344247269264911
quantum,gap,4,0.48247814409792894,0.5068432673032706,0.8370738409865046,0.756,0.45790021993161734,0.5059998422445384,0.9482121758066663
quantum,gap,5,0.468808402954809,0.4903981171428847,0.8533646704300049,0.7606666666666666,0.4798121786117184,0.5549076525170896,1.0451914378750733
quantum,gap,6,0.45894289162298013,0.49930744089713935,0.8466652291798576,0.7526666666666666,0.5128874112186576,0.5936280675484815,1.089162397854499
quantum,gap,7,0.45343237474380366,0.4946309129048604,0.8573954344214154,0.7633333333333334,0.5078490588754578,0.6067195298311734,1.099306676191529
quantum,gap,8,0.4479329200214853,0.4831788420163405,0.8590861790797408,0.7606666666666667,0.516338734085142,0.6101628584832934,1.1188079531556117
quantum,gap,9,0.4444963769857515,0.46928698647208505,0.8577577033217271,0.776,0.5434378254428729,0.6496128313282503,1.1550569912038342
quantum,gap,10,0.437156209344795,0.473778724303794,0.8640274233482519,0.7766666666666666,0.5528715249882703,0.6248819228985589,1.1537025923804538
quantum,gap,11,0.4374780380085782,0.477500135347218,0.8596509220613155,0.7673333333333333,0.5660076486905279,0.6263249991589521,1.1822865701967042
quantum,gap,12,0.43647960638314964,0.4741033173753822,0.8616592270858764,0.7806666666666666,0.5651274739985611,0.6216954727031453,1.1431655412981103
quantum,gap,13,0.4341291010972343,0.47321037088476203,0.8630677007313265,0.7706666666666667,0.5521962642224078,0.6511945245245683,1.160899482940037
quantum,gap,14,0.43424751337752365,0.47879313663597245,0.8562762814864101,0.772,0.5394119578079076,0.6396126912597336,1.1315716093766264
quantum,gap,15,0.43138640456730626,0.48000975926825784,0.8710925466859246,0.7606666666666666,0.5433459088165108,0.6421503524245368,1.1352997260159994
quantum,gap,16,0.4235804006523952,0.473114906185263,0.8735833449818887,0.7813333333333332,0.5498693261103549,0.6769861085176114,1.1609815147629805
quantum,gap,17,0.4202345436597696,0.4757476118197809,0.8747990178192392,0.7746666666666667,0.5414921585055471,0.6628884879892636,1.1432273402662272
quantum,gap,18,0.4176286491249951,0.4615873443351253,0.8759323816234243,0.7886666666666667,0.5641964324844669,0.6767381625954456,1.1766517201467348
quantum,gap,19,0.4165299398235608,0.4674590866957103,0.8757101168317492,0.7946666666666667,0.5494029930490922,0.66043234121543,1.1729230017589471
quantum,gap,20,0.41503112824965155,0.445222802152086,0.8851593968879371,0.7953333333333333,0.5636066979859841,0.655730643671728,1.1780363339722364
quantum,gap,21,0.41526242104665834,0.4699449022795064,0.880492871035397,0.7833333333333334,0.5624736940105511,0.6684457515518838,1.1890528068639872
quantum,gap,22,0.41576312678943783,0.4532332854525472,0.8770835568098088,0.7913333333333333,0.5636574167204521,0.6675955966628293,1.2098897306703074
quantum,gap,23,0.4166558871963738,0.4557654746142962,0.8773855456782995,0.7913333333333333,0.5592667804763567,0.6336683322514365,1.1993399088719365
quantum,gap,24,0.411893352513959,0.4698855938545797,0.8759233090457785,0.7766666666666666,0.5572980188850823,0.6713411512504049,1.1994077680459423
quantum,gap,25,0.41349618277104944,0.45815363328422765,0.8818118242881245,0.8,0.5668348238108842,0.6567282912665481,1.1946815916749225
quantum,gap,26,0.41482702907307195,0.44862689920772303,0.879235596702108,0.7853333333333334,0.5642291822975289,0.6645626567904533,1.2108710972486125
quantum,gap,27,0.4106543379381139,0.44712057182731185,0.8805935274619504,0.8099999999999999,0.5595835159187066,0.6475114952980383,1.2086134965270046
quantum,gap,28,0.4147678116531438,0.4681322109744069,0.8798428505068498,0.7846666666666666,0.5583819970185208,0.6593778667747257,1.20912800866243
quantum,gap,29,0.41184439772268017,0.4655362835988301,0.8795797610581249,0.7886666666666665,0.5673341132356676,0.6597814047338046,1.2107654115431137
quantum,gap,30,0.4120893841105625,0.45524294047519165,0.8830942145881291,0.7846666666666666,0.5605536910833755,0.6847178487653769,1.2145379163931103
quantum,gap,31,0.412711367449321,0.45346486866636415,0.8801855417821034,0.7833333333333333,0.5607589426498353,0.634753040132839,1.1839511126285778
quantum,gap,32,0.4099632137918875,0.4606004716136486,0.8767095518001181,0.7933333333333332,0.5588671755614187,0.635327928861329,1.1972833309413295
quantum,gap,33,0.4124548845962428,0.4703931031015648,0.8761253809729388,0.7906666666666669,0.558762186926681,0.6321147939681993,1.1894697014186446
quantum,gap,34,0.4112966520976783,0.45040474216584336,0.8806138525302707,0.8019999999999999,0.5723273707331157,0.641405269915467,1.192609499619927
quantum,gap,35,0.413242282201843,0.4398021828950709,0.8843192982241265,0.796,0.5598246576776631,0.6574191222248523,1.2053397760241409
quantum,gap,36,0.40995457210037695,0.457990791074968,0.8810607001255087,0.7966666666666666,0.5416774141201681,0.662349419982044,1.1703549458213847
quantum,gap,37,0.4110709484306116,0.4371910335833018,0.8865573827119443,0.7973333333333332,0.558708325024233,0.6403393248157515,1.178127286248424
quantum,gap,38,0.4107109449390579,0.4564037051750214,0.8889436027463539,0.796,0.5491806363161309,0.6367785086852362,1.1557962771426842
quantum,gap,39,0.40667580403284714,0.4568018210308207,0.8797983722160255,0.7953333333333334,0.5646445396886611,0.6300198763653517,1.1699557670970826
quantum,gap,40,0.40994546335000825,0.4342422897345835,0.8853789579409043,0.7979999999999999,0.5724310967240009,0.6558830698474118,1.1987216503680411
quantum,gap,41,0.40800371002375535,0.4480580570211501,0.8812346362101128,0.8000000000000002,0.5782107428293264,0.6356719699286278,1.1791474073353077
quantum,gap,42,0.4054869214004288,0.44062765090815814,0.8889540856183729,0.7993333333333332,0.5736228455129303,0.6357987414548549,1.1655215123047502
quantum,gap,43,0.4079564049584764,0.4418504816956056,0.8867284093913315,0.7953333333333333,0.5898340681077539,0.6308463600367696,1.1840891103478934
quantum,gap,44,0.40708376632756077,0.4319091636919253,0.8931777570231043,0.8086666666666668,0.6001233375281448,0.6312272307200202,1.1857769908494655
quantum,gap,45,0.4075221853063661,0.4403813513242202,0.8879803985281856,0.7953333333333332,0.6001327483714298,0.5837179365598345,1.1501466483852496
quantum,gap,46,0.4045356734792727,0.4334367430815195,0.8852396024699587,0.7899999999999999,0.5836069344500032,0.602753372505582,1.1528532751859657
quantum,gap,47,0.405700922188269,0.4512255867238296,0.889003048945001,0.7946666666666667,0.5963679006898275,0.610725157901901,1.1742132195890183
quantum,gap,48,0.4090595749019571,0.44463302405728794,0.8918888964313002,0.782,0.6073024845108516,0.6085440797303745,1.1568636280158933
quantum,gap,49,0.40498125556447395,0.4306122997429166,0.8907311215662738,0.8066666666666666,0.5989648766777995,0.6072722342244313,1.157147259825267
quantum,gap,50,0.407502886292061,0.4286078284748231,0.8888618590194184,0.7953333333333332,0.6009133816850138,0.6381310762989758,1.1591843396400319
quantum,gap,51,0.40496452691312135,0.4401507512264276,0.8859143870656039,0.792,0.6125816261089232,0.6148444595174889,1.162639260622973
quantum,gap,52,0.403061207812625,0.446163460663458,0.8843816397561237,0.7986666666666666,0.6223628440152417,0.6240383032641815,1.1644104269717894
quantum,gap,53,0.4051067584423909,0.44304672312305077,0.8840637680322558,0.782,0.613660619355179,0.6314743300249533,1.1437466640064433
quantum,gap,54,0.40631523522285695,0.4668257406117459,0.8880644962688107,0.7739999999999999,0.6113588733316194,0.6506352437118296,1.1537715856410036
quantum,gap,55,0.406423761793409,0.4461763405170228,0.8826971399008142,0.8033333333333333,0.6214099469659518,0.617410827080551,1.1316080762646754
quantum,gap,56,0.40741729384449127,0.41916228030479036,0.8910047884428625,0.8106666666666668,0.6208553385562532,0.6441761646995343,1.151627554324255
quantum,gap,57,0.4072128943424689,0.45240081420971306,0.8829906940453727,0.7906666666666665,0.6030627693979465,0.6418093545127423,1.1445652422729142
quantum,gap,58,0.4050057730313471,0.4538395635150554,0.8829274338470775,0.8053333333333335,0.6106688348263338,0.6228559324302356,1.1277295473451872
quantum,gap,59,0.406969991688822,0.46755726223293703,0.8790526945505303,0.7886666666666667,0.6221999796018074,0.6241517284105111,1.141148326355802
quantum,gap,60,0.40511039429594325,0.43248357100515084,0.8890910070947188,0.8006666666666666,0.6135261116401479,0.6283715127287258,1.138127166175885
quantum,gap,61,0.4043863031321326,0.44145456627873736,0.884084019068087,0.8053333333333335,0.6156685546782442,0.6577833533951323,1.148554616274893
quantum,gap,62,0.4041012349420889,0.4461356644355522,0.8886104549275136,0.7873333333333333,0.6043700346169969,0.6260917635182486,1.130359302978603
quantum,gap,63,0.4048930081222304,0.43834699765070895,0.8889120662872291,0.8,0.6150880433726669,0.688325561520984,1.1522012632858878
quantum,gap,64,0.4016896613612778,0.43504422585814,0.8883483742440921,0.7973333333333333,0.6020839070386766,0.6408432174848022,1.1021311956839612
quantum,gap,65,0.402499831865907,0.4682929000959848,0.885428242714789,0.7673333333333334,0.6271615452191208,0.6535839907627541,1.1707077360092257
quantum,gap,66,0.40357077936436925,0.4536003206427049,0.8923092946100967,0.78,0.6135298757775776,0.6418491387150542,1.1181285353549937
quantum,gap,67,0.4070214877694632,0.43880109594117667,0.8885148041380602,0.8006666666666666,0.6147186047270836,0.6420738431811306,1.1331644232380866
quantum,gap,68,0.40355278946435663,0.44089216681139287,0.8870720641196799,0.7926666666666667,0.6009870463460817,0.6500149158852566,1.1302024956393923
quantum,gap,69,0.4047275093466373,0.44591369320107815,0.8821703524398515,0.798,0.613963558775032,0.6337516226624016,1.1139972421378972
quantum,gap,70,0.4038987407086386,0.4405965948542671,0.8846612575546875,0.7953333333333334,0.5993914053119023,0.6236434070979572,1.092873328344648
quantum,gap,71,0.40680463196991967,0.4458559032966514,0.8829365184923768,0.8046666666666666,0.6226922031703834,0.6651749913184231,1.1408163597590222
quantum,gap,72,0.4071035520023896,0.44663268064755535,0.8859365233700446,0.7939999999999999,0.6112748357589564,0.6351052298927118,1.117262023870801
quantum,gap,73,0.40646126895186113,0.4453619013635131,0.8838243940361478,0.786,0.6088293056912376,0.6430840241172568,1.1120309939988489
quantum,gap,74,0.4032878447409803,0.4459692523500568,0.8850970829214517,0.7906666666666666,0.6192867636300579,0.6424289635049085,1.131892159079081
quantum,gap,75,0.40619680824882803,0.43475849278411866,0.8866325353579956,0.8033333333333331,0.6252203289526441,0.6597862642044416,1.1480689953264829
quantum,gap,76,0.4017977843459854,0.4428369700028737,0.8844371027520472,0.8006666666666667,0.6127376668937717,0.6207849164418437,1.1175869637142672
quantum,gap,77,0.40418096416598015,0.44584802807124896,0.8883141609891059,0.7933333333333333,0.6031089680150554,0.6249063396097941,1.1174578047524404
quantum,gap,78,0.40374383538622355,0.43359348523069396,0.8878804754316418,0.7946666666666665,0.6193339052957147,0.6251065673203345,1.1413281620728775
quantum,gap,79,0.4071083845129194,0.43431691536921424,0.8908068948126777,0.7926666666666666,0.6283339185362063,0.6144590888775603,1.1300400523163943
quantum,gap,80,0.40521853592006335,0.4528786625226127,0.8850745663490309,0.7939999999999999,0.6007380747161869,0.6284351423168626,1.1085257635671524
quantum,gap,81,0.4061525324150847,0.44979973088563563,0.888953502885726,0.7913333333333334,0.599307991634441,0.6334952989307527,1.1069989284125792
quantum,gap,82,0.40364428956278636,0.4589384348576859,0.8808651288533303,0.7686666666666666,0.6152550800380828,0.6464450285082173,1.1240876849929033
quantum,gap,83,0.4059183044136011,0.44994046192484644,0.882778264978042,0.7893333333333333,0.6245330326486872,0.6597029686026852,1.1303992711496356
quantum,gap,84,0.40640888050746005,0.44663621871935905,0.886856866993258,0.796,0.6038447344082212,0.6603865757549172,1.1126261392454757
quantum,gap,85,0.405629015452424,0.4297222298891459,0.8870034808949079,0.7873333333333333,0.6197425447344785,0.657556103439821,1.14700981005551
quantum,gap,86,0.40624813667433274,0.43702972101409615,0.8891829113868497,0.792,0.600641269493828,0.6398164497770612,1.1210910774432339
quantum,gap,87,0.4037161866016733,0.4318428231811461,0.8858441751436701,0.7946666666666667,0.6052207339336771,0.6440934561776337,1.1232537425931992
quantum,gap,88,0.4062177957977333,0.4413797783921648,0.8859712719277129,0.7933333333333333,0.6138749078344021,0.6626127011891956,1.1345556543619946
quantum,gap,89,0.4036322818776881,0.4294784873300541,0.8947638343943863,0.7986666666666667,0.6056778753543262,0.6495348366077175,1.1316971344263702
quantum,gap,90,0.40821345957695554,0.45345042967811483,0.8816128058586218,0.8026666666666665,0.6123169849630821,0.6418391680879065,1.1245991483026896
quantum,gap,91,0.403619456819579,0.44055247383985263,0.8874673905750251,0.792,0.6099620648909936,0.638899684968064,1.1269547929746744
quantum,gap,92,0.40429298493554794,0.44790651064003206,0.8850432360812064,0.792,0.6090563381579864,0.6461869680679762,1.1226926384791218
quantum,gap,93,0.40582192910628423,0.44293687824688827,0.8879277362303961,0.8,0.6286845819938433,0.651633695754987,1.1374146291838507
quantum,gap,94,0.40524007231648146,0.45173014081386775,0.888341124817412,0.7726666666666666,0.6076461989341001,0.6193664615382067,1.1162398421740944
quantum,gap,95,0.40381578079284175,0.4505089989439348,0.8856893187130052,0.782,0.6200420178885218,0.6194639059306823,1.1212459166190762
quantum,gap,96,0.40547178635485714,0.4443155503601252,0.8855450413734177,0.796,0.6232556776158893,0.6606247396392616,1.1358970658228038
quantum,gap,97,0.40673213783978374,0.4526661028789013,0.8860936724362223,0.786,0.6321293623072596,0.6424578005693373,1.152385636686793
quantum,gap,98,0.4050393265246017,0.44248144525408983,0.8835504441710509,0.8013333333333333,0.6267698074754635,0.6372375075695681,1.1358836137499073
quantum,gap,99,0.40415696716626826,0.44403494813514877,0.8883146674553624,0.792,0.6148771323962696,0.6485803127046152,1.116054865878125
quantum,gap,100,0.40492557451001393,0.4384531544053722,0.8868309421417242,0.7953333333333333,0.6265927775759624,0.6395962759632755,1.1574254370326835
quantum,gap,101,0.40549464774796445,0.44059437105195143,0.8839028935491949,0.7939999999999999,0.6267720396620892,0.6241648161286715,1.130706489288124
quantum,gap,102,0.4040423674207115,0.4317492318103985,0.8884100181647467,0.7946666666666667,0.6123377364494225,0.6372680387140697,1.1170830501215865
quantum,gap,103,0.4033564099069832,0.46149221918748323,0.8812749060044421,0.7926666666666667,0.6113327809242334,0.6154529528215897,1.1280153288912704
quantum,gap,104,0.40482177173405204,0.44753296088281946,0.8863361531917553,0.8073333333333332,0.6230828628698811,0.6293330277028699,1.1342836696217604
quantum,gap,105,0.4027072905970437,0.4562391792181539,0.8809169056203621,0.7953333333333333,0.6229714015814856,0.6337038078767223,1.1575920197187521
quantum,gap,106,0.4059644369104841,0.4429167819702683,0.8849007147404965,0.8006666666666667,0.6145215960571615,0.6254594631916552,1.1326815086224424
quantum,gap,107,0.4047708440193974,0.4378936100848077,0.8861279561455717,0.8066666666666666,0.6269690057485555,0.6358668610009778,1.1488311984510111
quantum,gap,108,0.4050825140745382,0.459850794738817,0.8842925080139281,0.7813333333333333,0.6105906725562478,0.6271241293322833,1.1120472419040972
quantum,gap,109,0.40450088699047404,0.4515859336649761,0.8887341861767941,0.7953333333333333,0.6142282471616066,0.6366055444404336,1.135100142252532
quantum,gap,110,0.405036142420764,0.431371526651842,0.8854463657020928,0.7986666666666666,0.6186179507135771,0.6268927313845454,1.1257147019153844
quantum,gap,111,0.40383703524074754,0.46569762103996987,0.8822720908224418,0.7859999999999999,0.6182621642711315,0.6737424074600237,1.1465383018278585
quantum,gap,112,0.40547664895662905,0.4406237074471063,0.8853684449583785,0.7926666666666666,0.6212885426311281,0.6289637288855948,1.1235400097281214
quantum,gap,113,0.40517506418140875,0.43187002072260655,0.8870131229944269,0.7913333333333334,0.6097883036107861,0.6280464646199726,1.1362899524182983
quantum,gap,114,0.4075959599149819,0.42760463584631603,0.894923017064521,0.796,0.6265515135965154,0.628377402877857,1.1341572322003435
quantum,gap,115,0.40557466137710385,0.46105515849768314,0.8813267694660485,0.786,0.6176752145520295,0.6505545703885611,1.1442830001972824
quantum,gap,116,0.40617810294883483,0.433266716432708,0.8894572411455076,0.7933333333333332,0.6132660691650289,0.6290507047320497,1.1257322368538218
quantum,gap,117,0.40536510933519904,0.4283234387619843,0.8911483417020566,0.7993333333333333,0.6200746526475418,0.6175158728943242,1.1174842621523624
quantum,gap,118,0.40401275925461116,0.4370949426626252,0.8867354030234653,0.7893333333333333,0.6187116664533281,0.6289038221094978,1.1328090650723122
quantum,gap,119,0.4045870819407316,0.44062497968605757,0.8895899730753424,0.7879999999999999,0.6139130139893157,0.6618688374169539,1.1368519241466748
quantum,gap,120,0.40449223898760645,0.44518497287332054,0.8885467827393952,0.7953333333333332,0.6202317730974165,0.6437107323854172,1.1260862928383397
quantum,gap,121,0.4048730529438587,0.44956040209666226,0.881299510503586,0.7913333333333333,0.6159462342556237,0.6688168453590162,1.1544781502013297
quantum,gap,122,0.40634307849040807,0.4393863592247228,0.8850945973350093,0.792,0.638149729152312,0.6463108328023071,1.1572001324203989
quantum,gap,123,0.4053718475450169,0.4453760419042446,0.8779229154351718,0.7973333333333332,0.6211505260590384,0.6435160226778965,1.154498237443423
quantum,gap,124,0.4056363739005249,0.44411655618249346,0.8806035310965689,0.8100000000000002,0.6377480753804018,0.6481816705718247,1.151796270760016
quantum,gap,125,0.40549254792935974,0.43808577958442274,0.8849821451958062,0.7979999999999999,0.6231222879036848,0.6423056784552967,1.15005104947339
quantum,gap,126,0.40452420347621443,0.4628821953183081,0.8809310275369944,0.7846666666666667,0.6268791149054211,0.6649484880738387,1.160934928474012
quantum,gap,127,0.4041911596928169,0.44976314131368705,0.8770337893984952,0.7806666666666666,0.6145975229049889,0.6515937792692615,1.1413888177361264
quantum,gap,128,0.40428539629553245,0.4428013278653718,0.8863175617512302,0.8059999999999998,0.6214169942554987,0.617384332812157,1.12387437049339
quantum,gap,129,0.4024599472670287,0.43561774585898816,0.8869853627196104,0.7939999999999999,0.6139998353308076,0.6422685736207853,1.1345048892375353
quantum,gap,130,0.40361576921097975,0.4286335844151802,0.8902801320303089,0.7939999999999999,0.6118124043990281,0.6379703353686651,1.1234244451939852
quantum,gap,131,0.40500855055830476,0.43673324301627386,0.8827571846462552,0.8093333333333333,0.6254603525614749,0.6342079302720025,1.1414503192035765
quantum,gap,132,0.40190210049550235,0.4408522754383951,0.8847230069108203,0.7939999999999999,0.6241242303339173,0.6757107388341664,1.1589814737144413
quantum,gap,133,0.4050559386045247,0.43745144466218333,0.8880813837434239,0.796,0.620310060399008,0.6842379247520947,1.1705730705409452
quantum,gap,134,0.4020839855924708,0.43887764939421803,0.8889085346209147,0.7973333333333334,0.6177007806611028,0.6152491265519532,1.148073195632728
quantum,gap,135,0.4036676180039865,0.44192274217882577,0.8876935562480185,0.796,0.6189351009479489,0.6561888188561922,1.143994855006985
quantum,gap,136,0.4031657741905418,0.4327661751651484,0.8871057191093827,0.788,0.6190208710741496,0.6623734102223657,1.1425657440973067
quantum,gap,137,0.4037588392804442,0.4528764526746064,0.8837694133484216,0.8033333333333333,0.6240720384622662,0.6642426284481145,1.1440945460065648
quantum,gap,138,0.40237586697384203,0.4566599216869892,0.8882980667738065,0.7953333333333333,0.6174980933864077,0.6231883412633934,1.130493669630024
quantum,gap,139,0.40436018360813375,0.43365214828322374,0.8871862362336079,0.8006666666666666,0.6194929783209918,0.6601773582199176,1.1423332511606787
quantum,gap,140,0.40316163620967255,0.44463254951972403,0.8894069177154094,0.796,0.6319887011801903,0.6434443348081346,1.1554773166630876
quantum,gap,141,0.4034660414919469,0.43170397835672586,0.8892693455334426,0.8119999999999999,0.6213377123664177,0.6542324315747094,1.1529690313133514
quantum,gap,142,0.40626403351556223,0.447765081360114,0.8861199311312337,0.7906666666666667,0.5997880645809671,0.6747387414021534,1.140179386330769
quantum,gap,143,0.40544987511205066,0.448388013304056,0.8905025419043484,0.772,0.6228563659743253,0.6196408527219913,1.1205022877071575
quantum,gap,144,0.40297445943763055,0.4451008530392143,0.8889740064643226,0.8106666666666668,0.6243978196694321,0.6346649989703304,1.1408293669060983
quantum,gap,145,0.403197535490473,0.4218134088741686,0.8946523001720189,0.8039999999999999,0.6304844389170814,0.6480245332643402,1.1343458748350261
quantum,gap,146,0.4054308862575409,0.44028017931711416,0.8887087744607195,0.7953333333333334,0.6409007762606695,0.6517419067324972,1.1477933756139245
quantum,gap,147,0.4045015850363615,0.44274108810114743,0.8852581273437835,0.7973333333333333,0.6158891817565804,0.6274025652992904,1.127246646116083
quantum,gap,148,0.4064720267179135,0.43292493908798224,0.8876607510933237,0.8019999999999999,0.6304931374262004,0.657524150415139,1.1343522402568573
quantum,gap,149,0.40769709195182635,0.442589442825981,0.8881645499457719,0.7939999999999999,0.6221550220132669,0.6602975398369904,1.1388440566732696
quantum,gap,150,0.4052848918974612,0.4293024339397671,0.8882997125985662,0.8026666666666665,0.6307071878286278,0.6318049439247956,1.1427449473536015
quantum,gap,151,0.4045229993639573,0.4339058266618509,0.8878393197328673,0.7986666666666667,0.6344809087631605,0.658366294584187,1.1539484495377168
quantum,gap,152,0.40254611842371196,0.42843668954946923,0.8893715397857523,0.8006666666666667,0.6316801452881726,0.6086432405844371,1.1278640765180066
quantum,gap,153,0.4036300746797624,0.4397556295868223,0.8866752017485975,0.7886666666666666,0.6295135937411241,0.6520014455029347,1.1403644920955773
quantum,gap,154,0.4035103274130044,0.4301532798617685,0.889523351917408,0.8066666666666666,0.6362620858995626,0.6249415585908515,1.1541589907075402
quantum,gap,155,0.40453749025901853,0.43416189773010644,0.8891209565160981,0.8106666666666668,0.654202880458485,0.620984622704259,1.1473760601783265
quantum,gap,156,0.40407924362417297,0.4383748901680722,0.8827779216012825,0.7953333333333333,0.6424877209121116,0.6303088399972461,1.1332300519616068
quantum,gap,157,0.40325616576320245,0.4360983461842527,0.8879496586705166,0.806,0.6302168762850074,0.6571160817112865,1.1322034760268234
quantum,gap,158,0.4053495111931384,0.4486822358469217,0.8892660377317366,0.796,0.6326394983553975,0.6286170698776352,1.1298928793006104
quantum,gap,159,0.40489054591857504,0.43432012203955306,0.8909527360753083,0.7966666666666666,0.6011664198787068,0.632878074216767,1.1207614721937353
quantum,gap,160,0.40276489083388406,0.44216612278514555,0.8845973722182698,0.7926666666666666,0.6240967892816573,0.6160092430146135,1.130298817766842
quantum,gap,161,0.4046233996522911,0.4381369522516131,0.8849135928921251,0.7979999999999999,0.6315286601085943,0.6502072782300476,1.141944347685706
quantum,gap,162,0.405181526507213,0.42649236193244483,0.8957612889650829,0.7993333333333335,0.6296790235689145,0.6499054137119092,1.1600046099928956
quantum,gap,163,0.40189003587282424,0.43567039223085435,0.8861761030931085,0.7986666666666666,0.6170822350767147,0.618643744809738,1.124444619287567
quantum,gap,164,0.40581628577707446,0.428783687970223,0.8924898724354057,0.7953333333333333,0.6357509885206939,0.6707932526648467,1.162316407956176
quantum,gap,165,0.40478468998406525,0.4536051908159098,0.8850962336737401,0.7906666666666666,0.6210523635886592,0.6350677887789691,1.1329058464653299
quantum,gap,166,0.40412180786598234,0.4408718652577514,0.8849023056322738,0.8019999999999999,0.6196773002410146,0.6314038172045875,1.1301680454132041
quantum,gap,167,0.40543928674847274,0.43545465309931186,0.8869611706122793,0.798,0.6485436581603399,0.643432655113256,1.1658554071048035
quantum,gap,168,0.4022261893497003,0.43742240485020745,0.8902234663683564,0.8053333333333332,0.633152433126985,0.6305239698573526,1.1309266803270173
quantum,gap,169,0.40305318744448637,0.450928455957345,0.8882480722733386,0.788,0.6196223811872185,0.6413360664654321,1.1474105244787651
quantum,gap,170,0.4048213141008531,0.4383757373543243,0.8857278398438165,0.7966666666666666,0.6114893149678743,0.6515954605287313,1.1193005947864614
quantum,gap,171,0.4023093613673,0.4433536839660107,0.8857024172017877,0.794,0.616169140531927,0.6552414251811047,1.1534090768258638
quantum,gap,172,0.40515341025699253,0.4349637612533958,0.8899787144242817,0.8013333333333333,0.6264453629555623,0.6865133861493412,1.1688729488152008
quantum,gap,173,0.4020715358308184,0.4411943583817649,0.8886598379887785,0.7980000000000003,0.631338751394596,0.6472613813450361,1.1489719052958884
quantum,gap,174,0.40646240605639583,0.4378346369381612,0.8876564824205481,0.7939999999999999,0.6047156808061247,0.6616119824698912,1.1184459490395582
quantum,gap,175,0.40575184188616,0.43726546799837773,0.883461029459253,0.7953333333333333,0.6326348023628106,0.6531498316753027,1.1688460057965728
quantum,gap,176,0.40481457678306104,0.4461366317277812,0.8837115967373588,0.7913333333333334,0.6249535766092816,0.6350437094733427,1.1260014138164098
quantum,gap,177,0.40497929477117955,0.44275284238223805,0.8878350723191956,0.7886666666666668,0.6306914219920566,0.6292619948412607,1.1227660983394538
quantum,gap,178,0.4031156269947876,0.43884080375145273,0.8877697441370049,0.796,0.6239937160938308,0.6220391119241605,1.1492654022520545
quantum,gap,179,0.40429733043932714,0.4295529069375091,0.8917110898075326,0.8039999999999999,0.6211424420006253,0.6300778124385817,1.1384096478701546
quantum,gap,180,0.4029405083599496,0.4491340120563231,0.8828565861559111,0.7786666666666666,0.6417501946166443,0.6454953917787567,1.149362428553927
quantum,gap,181,0.40498945860324387,0.4446448776397083,0.8898096223724856,0.7906666666666666,0.6173586433505357,0.6384381570546152,1.130448902918205
quantum,gap,182,0.40396440768773223,0.44649410228359016,0.8894713998915851,0.8046666666666666,0.6319610838134156,0.6364823539533029,1.1395865992157308
quantum,gap,183,0.4041798711742456,0.44283736509589533,0.8843860178052434,0.8006666666666667,0.6199010457177361,0.6407707949641439,1.1302979143782403
quantum,gap,184,0.4056804736048904,0.46113729951397425,0.8879697446276387,0.7946666666666667,0.6182016102573471,0.6127208209983602,1.1205131028380368
quantum,gap,185,0.4057718489856958,0.43432544373753396,0.8934174370765223,0.796,0.6282828831494983,0.6286702577940584,1.1343938034756362
quantum,gap,186,0.4050429136991278,0.4494579966720182,0.8899905177368789,0.7873333333333333,0.6102371001592795,0.6376666125824724,1.1245122331957154
quantum,gap,187,0.4054691361338995,0.4356732165107533,0.8889067236026996,0.7953333333333332,0.6243977969968347,0.6583175278436592,1.1418517679541718
quantum,gap,188,0.40441961080536315,0.43987595614031305,0.8907996824245258,0.7953333333333333,0.627000074137374,0.6460113107450466,1.1388808451132675
quantum,gap,189,0.40582462362179966,0.4334450849567463,0.8898830047211079,0.804,0.6256285836452768,0.631158434828101,1.1249132102469068
quantum,gap,190,0.40361287956917424,0.4353558756540744,0.8864712319926525,0.7866666666666667,0.6111369535688792,0.6626771397806416,1.1208200725177329
quantum,gap,191,0.40201719143930703,0.44135339528162143,0.8909914606542768,0.7913333333333332,0.6354838017463987,0.6371508093893086,1.1429871744315037
quantum,gap,192,0.40561938809096354,0.44996227107220366,0.8883160847857967,0.7926666666666666,0.6139207798912695,0.6211115827353411,1.1158206688398062
quantum,gap,193,0.4018196568509643,0.43930704966814177,0.887954422330987,0.8006666666666666,0.6166308622697563,0.6532472520127304,1.1269296737122685
quantum,gap,194,0.40318268527865736,0.4504803531551903,0.8848300574244348,0.7946666666666665,0.6157809521868851,0.6111737641376707,1.1107986689582559
quantum,gap,195,0.4026521991495719,0.4328473548038952,0.8880386570535428,0.8006666666666666,0.6342589930787683,0.6485778429058418,1.138624007194068
quantum,gap,196,0.4090589759196714,0.4432951710410622,0.8847217062060713,0.8019999999999999,0.6264159227985239,0.644430182159488,1.1251119675770085
quantum,gap,197,0.40477114108724843,0.4319927066539604,0.886999918500336,0.8126666666666666,0.6198035165386112,0.609791065266928,1.10993804948169
quantum,gap,198,0.4035338632597358,0.4140704361055626,0.8946035838014916,0.8026666666666668,0.6263119019746648,0.6458421482697982,1.1473708643102776
quantum,gap,199,0.4038041099918532,0.4380129649072286,0.8866018343026232,0.8073333333333335,0.6199838872855093,0.6424480823902161,1.1379816167494545
quantum,gap,200,0.402205309919783,0.4489277526465497,0.8874302941816807,0.7953333333333333,0.626473864528384,0.6405004215922006,1.1266438539752657
quantum,mu,1,0.6888239885459966,0.6494557453940312,0.6735402080597968,0.616,0.23320614107564536,0.09176066811258712,0.3115021939184441
quantum,mu,2,0.6236635634730725,0.612311601733168,0.7267070900332414,0.6746666666666667,0.4517147110235646,0.2802630210793142,0.6138556219784778
quantum,mu,3,0.5891360499726919,0.5873504598264894,0.7532053726384152,0.6913333333333334,0.5458879629425086,0.42531946947348304,0.814568508278338
quantum,mu,4,0.5786543383252962,0.5937676746758321,0.7499171987749625,0.6853333333333333,0.5754562995974577,0.4723104591087776,0.853490823036052
quantum,mu,5,0.576398046281732,0.5794058906758826,0.7647170401298629,0.7086666666666667,0.598293081633254,0.45950465532470963,0.8268417829166401
quantum,mu,6,0.5737185314646146,0.5847621345904968,0.7609179864798709,0.6826666666666668,0.6108477819875137,0.5170463606656786,0.8802842600221359
quantum,mu,7,0.5695995138371364,0.5756875105674067,0.7717617781218651,0.6926666666666667,0.6069664667071312,0.5409912246295783,0.9132579436697921
quantum,mu,8,0.5673421209754889,0.5879157822579144,0.7571882941923667,0.7073333333333334,0.6060098940716728,0.5747519065328377,0.9174662623295949
quantum,mu,9,0.5631707045353249,0.5781515335813165,0.7707810798558041,0.7086666666666666,0.5975656896824484,0.6039044066913553,0.9137364449239416
quantum,mu,10,0.5630026747010027,0.5866652297029893,0.7677607135273609,0.7086666666666666,0.5782266396373957,0.6019559840635115,0.8917203087117447
quantum,mu,11,0.5644922431047694,0.5727633712589741,0.7869587022729599,0.7233333333333334,0.5744138467772097,0.598630700741638,0.8810765051716707
quantum,mu,12,0.5607629320553581,0.5752007773220538,0.7713010221664669,0.7286666666666666,0.5771875892394136,0.6163898863601144,0.8859185712583443
quantum,mu,13,0.5619689694632155,0.572937784668058,0.7681285856358004,0.72,0.5797358721265551,0.6134038345168061,0.8780082326340413
quantum,mu,14,0.5608324043460502,0.586641048885882,0.7682477054472479,0.714,0.5746719395878725,0.6152770138494995,0.8754465002933596
quantum,mu,15,0.5606069763928729,0.5768417574502529,0.779396343528171,0.7260000000000001,0.5755157079488196,0.6182627044644088,0.8691680079577025
quantum,mu,16,0.5605629440430785,0.5923496308649581,0.7702274272874625,0.6933333333333334,0.5818266403153947,0.6128704113192412,0.8663850233180292
quantum,mu,17,0.5616501321078007,0.5944488222512108,0.7706300499676876,0.7013333333333334,0.5798562294202636,0.6243863135025611,0.8706624682468945
quantum,mu,18,0.561419656636853,0.5779764414280654,0.7727164327961329,0.73,0.5700833615736455,0.6218688584080141,0.8645905726077346
quantum,mu,19,0.5594864640186036,0.5805029080944757,0.7766782526302302,0.716,0.5977111286296236,0.6400972961894257,0.861434209440478
quantum,mu,20,0.5583951428713432,0.5750766260555635,0.7788467992030692,0.724,0.5958921527198906,0.6202626323279339,0.8496002722022358
quantum,mu,21,0.5577508767577819,0.5654556459200879,0.7805620719236603,0.7253333333333334,0.5800534869447022,0.6341591427239676,0.8444027064449932
quantum,mu,22,0.5578536827400871,0.5757311249561609,0.7777699901975613,0.7106666666666666,0.5750648218564478,0.6416956194415284,0.8707310025031447
quantum,mu,23,0.5600063184393609,0.5687131743257244,0.7782659729542696,0.7153333333333334,0.590562050369032,0.6320622331663801,0.8562326469621931
quantum,mu,24,0.5609329531761275,0.5744654319398105,0.7782099946147881,0.724,0.5798476747162176,0.6327850982198993,0.8522782506952374
quantum,mu,25,0.5583483119394319,0.5880450366735458,0.7730962655813206,0.7053333333333333,0.5721087399971945,0.6287340410067306,0.8674702052478216
quantum,mu,26,0.5584913621358574,0.5726096953190863,0.7746520398405297,0.7213333333333333,0.5753998679507175,0.6381868385435497,0.8835907575840366
quantum,mu,27,0.5579682021580131,0.5717546594105661,0.7766979593700305,0.7193333333333334,0.5766940764432483,0.6328046438947121,0.8627955994336828
quantum,mu,28,0.5585088495286181,0.5759639650632937,0.772200088781201,0.7246666666666666,0.5833872887864342,0.6368524599224645,0.8732841854177262
quantum,mu,29,0.5599662997314784,0.5721529198897383,0.780394321699673,0.7293333333333334,0.601755189283103,0.6257082820808327,0.8506519968018326
quantum,mu,30,0.558071397164041,0.5803150564568739,0.7750284867783289,0.718,0.579478434669438,0.6353712868583173,0.8614085377486889
quantum,mu,31,0.558413992610372,0.5775274437107146,0.7797907546234984,0.7146666666666667,0.5778147247079428,0.6148999586291961,0.8444285006561085
quantum,mu,32,0.556889816531504,0.5894566432436308,0.7749854594960499,0.7186666666666667,0.5782617482708807,0.6222648309244868,0.8664524365215834
quantum,mu,33,0.5581741460239671,0.5703510749302805,0.7780954190727194,0.7220000000000001,0.5803465318011994,0.6402908277892483,0.8729881745905074
quantum,mu,34,0.5571654996809084,0.572553036302328,0.7774897840588672,0.7273333333333334,0.5748937270585275,0.6164098671091929,0.8594290604457804
quantum,mu,35,0.5559790365711863,0.5749544305143257,0.7793373553265697,0.726,0.5753332772814412,0.6151775019798464,0.8603877919467943
quantum,mu,36,0.5567387710579982,0.5794309023705623,0.7652085192799652,0.7046666666666667,0.5968809851620678,0.6443618439398091,0.8745487874632548
quantum,mu,37,0.5581469420475769,0.5595253688655795,0.7844101334636732,0.7366666666666667,0.5811957731807691,0.6207834116293693,0.8575672770669064
quantum,mu,38,0.5550580362077647,0.5766583460966744,0.7716646494863546,0.7086666666666667,0.5943678059973023,0.6416893202908006,0.8757516486797172
quantum,mu,39,0.558232813878955,0.5796049199954917,0.7804559234552405,0.708,0.5925380299771468,0.6224762783609581,0.855327910968638
quantum,mu,40,0.5589448703832847,0.5664433542316158,0.7797340880357819,0.7246666666666666,0.5869299573976916,0.6231976656947937,0.863322684780881
quantum,mu,41,0.5568629560901706,0.5703951865707835,0.7804959334596859,0.72,0.6005625407163822,0.6164638705562095,0.8599554860036124
quantum,mu,42,0.5564872626968815,0.5707635305734973,0.7783897622905616,0.7180000000000001,0.5947865904817127,0.6276080876440461,0.8633860812006287
quantum,mu,43,0.5564248581037002,0.5667950689407688,0.787635864849717,0.7260000000000001,0.59878881849787,0.625493317425444,0.868929800200152
quantum,mu,44,0.556255065040624,0.5643678583428264,0.7845534686401312,0.7339999999999999,0.6043097597228889,0.6361558524078514,0.8768099978662718
quantum,mu,45,0.5580880312183096,0.563327727862944,0.7861554377018448,0.744,0.6005474914909982,0.6190777040761982,0.8589316296863758
quantum,mu,46,0.5588824319485187,0.5712661026231944,0.7751788656847532,0.718,0.5949559511072411,0.6346489874766493,0.8705553882940362
quantum,mu,47,0.5578554387789142,0.5737704248329003,0.7703861499695354,0.7073333333333333,0.581617515933947,0.6592860327349465,0.8871702826598893
quantum,mu,48,0.5590655148115863,0.5735323900245131,0.7824864950304145,0.7286666666666666,0.5977713448061862,0.6421808319127246,0.8718119760516293
quantum,mu,49,0.5583916443284833,0.5743669643476605,0.7729109425771339,0.7206666666666667,0.576819040599303,0.6240495210865953,0.8344633122905043
quantum,mu,50,0.558471843493656,0.5752342951210837,0.7851995519469268,0.722,0.5938718513699904,0.6345972138089415,0.85398788071066
quantum,mu,51,0.5560162791792537,0.5714375157182415,0.7851379512028018,0.7286666666666666,0.5967207210523602,0.6286698041749583,0.8466433054610313
quantum,mu,52,0.5588067241417788,0.561263855577757,0.7813727400071566,0.7266666666666668,0.590085916885018,0.6242640992101689,0.8515594820854332
quantum,mu,53,0.5600197060524176,0.5624986725834508,0.7852204221159986,0.7373333333333333,0.588027585152723,0.6146871376943415,0.8196299946034097
quantum,mu,54,0.5590821600394944,0.5741137815788389,0.7815035677163255,0.7286666666666667,0.593731717701625,0.6305156511507469,0.8486064525232575
quantum,mu,55,0.556942493347257,0.5697382407374679,0.7775398826256578,0.7233333333333333,0.6002000424146314,0.6385142195925873,0.8644814519358256
quantum,mu,56,0.559832746075932,0.5635566214174033,0.7831359031322153,0.7413333333333333,0.605340620324721,0.6155441968483603,0.8308955071570742
quantum,mu,57,0.5574968477662188,0.560173991287748,0.7768959085219734,0.7253333333333333,0.5903311689752224,0.6253207562381057,0.8344795129427144
quantum,mu,58,0.5569333694995148,0.580832687449952,0.7817766232750671,0.7093333333333334,0.5826770134827066,0.6141260029584187,0.8178282617140719
quantum,mu,59,0.5566508490450215,0.5744558864353846,0.7805639789198179,0.7153333333333334,0.6074065264076001,0.6282216792940751,0.8422676210484857
quantum,mu,60,0.5574046891187996,0.575321310934921,0.7751352336670929,0.724,0.6085041540089777,0.6300893194655448,0.8565838980263335
quantum,mu,61,0.5591849217258277,0.5793606149218976,0.7767130002944709,0.7193333333333334,0.6049316267031654,0.621748745935479,0.8385900050106692
quantum,mu,62,0.5571007723793349,0.57769835524261,0.7742760714114502,0.7113333333333334,0.5903447197587784,0.6246865812629079,0.8434544658710482
quantum,mu,63,0.5576486697288928,0.5748433431889862,0.782168285946953,0.7206666666666667,0.5917145182819049,0.6413416795317298,0.84963429812931
quantum,mu,64,0.5582994958764951,0.5759875674520931,0.7851846116194898,0.7306666666666667,0.5834991902062632,0.6183249526157748,0.8285625582889888
quantum,mu,65,0.5575816566836437,0.5689536907970905,0.7738210967195166,0.7226666666666668,0.594041422819973,0.6225582328515904,0.8483909127021443
quantum,mu,66,0.5570195987453626,0.5653976500555873,0.7849506231650683,0.7286666666666667,0.5834828914203894,0.624105620025073,0.8587810227525111
quantum,mu,67,0.5595653847609259,0.5693247889975707,0.7802548664184069,0.7293333333333334,0.5942588033350206,0.6138518216600004,0.8315300120606478
quantum,mu,68,0.5576066914315257,0.5669539981670678,0.7855584863177474,0.7373333333333334,0.5898075424692576,0.6080160507409045,0.822353813824081
quantum,mu,69,0.5567524256255515,0.5679626839496195,0.790690502089751,0.7346666666666668,0.5864897209652915,0.628339639399533,0.8459110828031088
quantum,mu,70,0.5560790927604151,0.5699521860678991,0.777317218413373,0.7173333333333333,0.5834797663011555,0.6178452951866336,0.8386694764981824
quantum,mu,71,0.5586909917760253,0.5647386338338255,0.7810402331675583,0.732,0.587958736976373,0.6121085100918563,0.8165372066319223
quantum,mu,72,0.5588803540640123,0.5787473910624783,0.7742284820763766,0.7186666666666667,0.5854752146967532,0.6328497013148912,0.8386261480322886
quantum,mu,73,0.5580829127637748,0.573042816342165,0.781063896821532,0.7326666666666666,0.5868728197171437,0.6126420308287545,0.8247439219161092
quantum,mu,74,0.556617276982055,0.5734476341493427,0.7816761390321165,0.7166666666666666,0.5821421203669642,0.6162139139390764,0.8320975590896484
quantum,mu,75,0.5558120147285518,0.5957972098973892,0.7776508753424002,0.708,0.5966496426209751,0.6208458799445519,0.8446042898125328
quantum,mu,76,0.5580487918901103,0.580613331678013,0.7738640805500688,0.7133333333333333,0.5915156557239069,0.6235410611965371,0.8484371176354587
quantum,mu,77,0.557975297057128,0.5709187328877549,0.7842174493117816,0.7246666666666667,0.594993347326349,0.6185865989516809,0.823512871633121
quantum,mu,78,0.5588900523517901,0.575751469368115,0.7806615296604439,0.7333333333333334,0.5841527776366585,0.6157890565917791,0.819565736255368
quantum,mu,79,0.5590820280883345,0.5626019034820299,0.782940288213853,0.7253333333333333,0.598369195799491,0.6335563414277192,0.8404790069486016
quantum,mu,80,0.5584968182401887,0.5685817512745658,0.7811801369580575,0.7313333333333334,0.5859430274086405,0.6228733684685058,0.8311366228738646
quantum,mu,81,0.5579075746351543,0.5665851501052578,0.7849359702951432,0.7266666666666667,0.586516086469974,0.6166083153854827,0.8154394372030241
quantum,mu,82,0.5566985846532043,0.5781513413861393,0.7789865609636498,0.7166666666666666,0.5930155096222366,0.6110139191574459,0.8192713023907195
quantum,mu,83,0.5585632100262835,0.5722794603755077,0.7734903473494544,0.7186666666666667,0.5877022053261532,0.6152262766115003,0.8155290168941643
quantum,mu,84,0.5560404946481965,0.5729242049219707,0.7827887838501072,0.7126666666666667,0.590307275902744,0.6158268161817284,0.8190029189555131
quantum,mu,85,0.5589051498663611,0.5759840339856843,0.7782742078499847,0.7246666666666666,0.5902389538468775,0.6045704073596918,0.8176795698904045
quantum,mu,86,0.5583251453353635,0.5957846012730151,0.7785154117676986,0.6933333333333332,0.600882253233913,0.6164849511473458,0.8313004330484276
quantum,mu,87,0.5584243925850993,0.5735081549932559,0.7793824092396907,0.7233333333333334,0.587743006184675,0.6115989800768432,0.8211597648998646
quantum,mu,88,0.5584447255862954,0.5742931768645843,0.7671694776942405,0.7233333333333334,0.5845464663144009,0.6286116132187176,0.841364721550909
quantum,mu,89,0.5554466917675842,0.5709753863016765,0.779379823447566,0.7166666666666666,0.5854373984393626,0.6167840700463821,0.8268534715585723
quantum,mu,90,0.5567997722738655,0.583727172734216,0.7745345151485836,0.7293333333333334,0.5880155631061761,0.6274468929516095,0.8616104845121659
quantum,mu,91,0.5594659644517621,0.5676700590923429,0.7786846037241867,0.7193333333333334,0.5956407764741086,0.6210614549107853,0.8447943185028777
quantum,mu,92,0.5582741003105767,0.5734799955015382,0.7841508194358581,0.7106666666666668,0.5993422428484504,0.6247026961506851,0.8518217296967361
quantum,mu,93,0.5584037541392803,0.559528025586158,0.788927049466658,0.7179999999999999,0.6023327063437145,0.6239907370974069,0.8435409401793267
quantum,mu,94,0.5584841334079005,0.5786578019931912,0.7740205174359848,0.726,0.5907591886190079,0.6279283415481716,0.8475988428833585
quantum,mu,95,0.5583793696211263,0.5848494405125578,0.7705922623728056,0.7093333333333334,0.6019010008783005,0.6246638205089914,0.8478464790518553
quantum,mu,96,0.558709345918692,0.5675631139278412,0.7865932231800127,0.7433333333333334,0.5896927737278138,0.6306158961431884,0.8343660528678761
quantum,mu,97,0.5599759635397543,0.567724893890942,0.7813523236664154,0.728,0.5872676660534267,0.6284708307409176,0.8348530123891853
quantum,mu,98,0.5571455707983503,0.5768951268146436,0.7790189287342186,0.7213333333333333,0.6066608201474419,0.6274939912988152,0.8436145357160442
quantum,mu,99,0.5579374697900688,0.5632260515963038,0.7846203837675054,0.7233333333333333,0.6144592215989902,0.6192028982401709,0.8409456474639707
quantum,mu,100,0.5576637438575271,0.5616900249024231,0.7854814468558673,0.748,0.601389378423892,0.6322731425315884,0.8394653609545515
quantum,mu,101,0.5576507070461909,0.5789701977372169,0.7845227170698139,0.728,0.578109385188477,0.608743940763817,0.8255726707190743
quantum,mu,102,0.5585736942236738,0.5750942003938059,0.7741879323819538,0.7133333333333334,0.5999845011783204,0.6207667655046052,0.8524231869629121
quantum,mu,103,0.5572973724827947,0.5925656894793113,0.7774870422397109,0.7013333333333333,0.5829265173236803,0.6237753950264255,0.8337842814191168
quantum,mu,104,0.5585503506689371,0.5706126678747435,0.7761647862977107,0.72,0.5956472296856975,0.6133243992855208,0.8281893547822567
quantum,mu,105,0.5568213874570016,0.5744372142907231,0.7792960143369092,0.728,0.611809515343285,0.6135141463036785,0.8354189927050923
quantum,mu,106,0.557719922433685,0.5880719368681312,0.7752447692051352,0.7160000000000001,0.6082405463902514,0.6184836759151846,0.8323015415217496
quantum,mu,107,0.5596391097108911,0.5698694107333819,0.7844143240241543,0.7253333333333333,0.5926727701256699,0.6036283827093587,0.8196297946205519
quantum,mu,108,0.5567707505329358,0.5733096856474876,0.7817481193405097,0.7246666666666666,0.5959966792847187,0.6284594601651342,0.8395614945653284
quantum,mu,109,0.5588186322291537,0.5791350203777352,0.7814503944419653,0.7140000000000001,0.6000749373124246,0.6079288844001189,0.8327444696409241
quantum,mu,110,0.5586702095880174,0.570809577597926,0.7798250424281008,0.728,0.5989100404523927,0.6202967495646224,0.8370664878474319
quantum,mu,111,0.5589013425125934,0.5667665413332482,0.7755594889795333,0.732,0.5991232405445162,0.6136132216571928,0.8375959549537821
quantum,mu,112,0.5579030107797783,0.5660144814588128,0.7829361966685451,0.726,0.6007873188173807,0.6230857655141987,0.8300734957060895
quantum,mu,113,0.5602788631110646,0.5689700324994823,0.7845205752500937,0.7253333333333333,0.6192654326666595,0.6129593481445668,0.8364295926760261
quantum,mu,114,0.5597730167705255,0.5823493925792476,0.7806814750476339,0.718,0.595853370030985,0.6336139606539485,0.8448161068707627
quantum,mu,115,0.5593353741660247,0.5754344143631557,0.7733050454005059,0.724,0.5818024040672726,0.5970082419432021,0.7997335859749117
quantum,mu,116,0.5576205259325022,0.5738944457955658,0.7757828979010343,0.7046666666666667,0.5960816048604656,0.6239732333178777,0.8464583774752217
quantum,mu,117,0.5603030308467958,0.5772698853823045,0.7806798571895194,0.7226666666666666,0.5845199105700178,0.6004743961299933,0.8184318327924626
quantum,mu,118,0.5605925113775302,0.5793854236422729,0.7832385902211236,0.712,0.5825788599338481,0.6177792140017443,0.8269173025739459
quantum,mu,119,0.5590259472739223,0.575230743440489,0.7801478514937583,0.7306666666666667,0.6025220093016418,0.6131150987587597,0.8333609069933031
quantum,mu,120,0.5568002131492831,0.5714544056765735,0.7775196059625238,0.73,0.5948214745634344,0.6446648304044235,0.8419209686046933
quantum,mu,121,0.558072878822238,0.5802531863177817,0.7711494446563932,0.7106666666666667,0.5932275779045226,0.6263523588852202,0.8483510167341759
quantum,mu,122,0.557496933960414,0.5785738541111349,0.7810521255960854,0.7100000000000001,0.5940368213229106,0.6215765965110378,0.85232176301094
quantum,mu,123,0.5582354252227039,0.5748200415230046,0.7790192325562135,0.7226666666666667,0.5855848575493943,0.6103310277148104,0.8155824528046187
quantum,mu,124,0.5601566191506573,0.5704247066738704,0.787478283438773,0.73,0.6002763700473464,0.6207351273831503,0.8633657052656559
quantum,mu,125,0.5569844327831621,0.5698683774198094,0.7840499818140817,0.7213333333333333,0.6018930938529493,0.6287491059944414,0.8373716219370564
quantum,mu,126,0.5566558761196405,0.5823759130972128,0.7702153771595441,0.7033333333333334,0.602852286227018,0.6466255639576007,0.8631282597660437
quantum,mu,127,0.5574722850337857,0.5768408246872325,0.7756606605425718,0.7246666666666668,0.5901063828825849,0.640765399073931,0.8619977825705352
quantum,mu,128,0.558791489989652,0.5733703863484163,0.7780130064307716,0.7306666666666667,0.5854942883666538,0.6175452650459086,0.8416072540597448
quantum,mu,129,0.5575099140748109,0.5883729850947856,0.7753937531956157,0.7166666666666666,0.5937534753710845,0.6320215831476992,0.8705539816718784
quantum,mu,130,0.5576104426262901,0.5683571886631349,0.7844393620338901,0.73,0.58534378697524,0.6360592684872974,0.8485726703177907
quantum,mu,131,0.5590481446456204,0.5657955652425687,0.7794017557020094,0.732,0.5820932169385993,0.635133129833909,0.82935395296022
quantum,mu,132,0.5597488222234727,0.5730710039598246,0.7820422629974502,0.7273333333333334,0.5785018456342582,0.6369988293093831,0.8516972048802147
quantum,mu,133,0.557902705498971,0.5731648995354771,0.7783562125216124,0.728,0.5937373605016324,0.6359593338721574,0.8558147424302996
quantum,mu,134,0.5575529010629592,0.563666266122212,0.7823003908281195,0.7346666666666667,0.584812663212081,0.6403297788932655,0.8533069934492545
quantum,mu,135,0.5577222635319922,0.5767107189409435,0.78363286388431,0.7266666666666668,0.583846641974841,0.6188686039424092,0.8290586158061943
quantum,mu,136,0.556769113360361,0.5610272798923154,0.7838375790605718,0.7293333333333333,0.588646217881248,0.6357272369263508,0.8640801384669341
quantum,mu,137,0.5562963310606234,0.5613097595671812,0.7854268473263235,0.7233333333333334,0.591836034960426,0.6361088081247177,0.8598512612292855
quantum,mu,138,0.55760636257031,0.5762849621983867,0.784639487581813,0.7193333333333334,0.5926229035385111,0.6224694916902958,0.8283530387122419
quantum,mu,139,0.5569636362077436,0.5711037041756014,0.7808948994528612,0.724,0.5984977725683926,0.6207087259808641,0.8431339602867298
quantum,mu,140,0.5573171676509664,0.6046092670013508,0.7663583227309478,0.716,0.5939145607357881,0.6220349718626444,0.8318301591764244
quantum,mu,141,0.5575001994652752,0.5661203487912814,0.7823082711770779,0.7306666666666668,0.6081608199595234,0.646847015250495,0.8466722468621952
quantum,mu,142,0.557644550715515,0.5735951592264076,0.768199280525286,0.7246666666666668,0.597569606104955,0.6159112035281378,0.8371029573871175
quantum,mu,143,0.5574599654292107,0.5912033104101817,0.7687439998893375,0.6973333333333334,0.5829797681466998,0.6168852999505995,0.8272882922066997
quantum,mu,144,0.5590948281945118,0.5800290379797419,0.7837550738072274,0.7126666666666667,0.5918105796378049,0.6168742214977855,0.8226008178673532
quantum,mu,145,0.5575910186830054,0.5602995491723219,0.7844772948331328,0.724,0.5975859561947845,0.6143870852233493,0.8199166188829811
quantum,mu,146,0.5571654990683116,0.5724584096769492,0.7773690044900311,0.7246666666666667,0.6137920788651314,0.6216226150230388,0.8338299771373394
quantum,mu,147,0.5563242249250664,0.5757350217153627,0.7775046280022017,0.7226666666666667,0.5968402586093793,0.6157932201846454,0.8148396504875779
quantum,mu,148,0.5592701789456963,0.5696926184656719,0.7813994093521379,0.724,0.6045330476159503,0.6330743129789561,0.8373435144300574
quantum,mu,149,0.5585945019501475,0.5851007620481155,0.7704795088310834,0.7113333333333334,0.6013094331152724,0.6161588398031493,0.8227583760280514
quantum,mu,150,0.5565826856970865,0.5884844975918531,0.7738239387050115,0.7106666666666667,0.6052806785175994,0.6167061744906606,0.8214669542755505
quantum,mu,151,0.5578355595767109,0.559362088734905,0.7861913410889265,0.7426666666666668,0.5867685052738837,0.6029299415769976,0.8013037291708673
quantum,mu,152,0.5585395546809886,0.5657474867633232,0.7821795270737215,0.7353333333333334,0.599001947168224,0.6296841529783589,0.8261485391860596
quantum,mu,153,0.5576121069000025,0.5742358837587138,0.7809515190495537,0.7346666666666667,0.6036208536467089,0.6235921680837775,0.8206052709435193
quantum,mu,154,0.558168438684758,0.5749808036610484,0.7761924718059391,0.7293333333333333,0.606007960867602,0.6086729646593243,0.8229942778656183
quantum,mu,155,0.5564213521153045,0.5725273995175957,0.7815498055596681,0.7266666666666666,0.6049199725756671,0.6120941517926267,0.8196460708304001
quantum,mu,156,0.5593871614060868,0.5667753920145333,0.7857342659932943,0.724,0.6051326958213682,0.6105273745303961,0.8204177689605976
quantum,mu,157,0.5571607969238346,0.5678655618987978,0.7814218588368329,0.7286666666666667,0.5940417837850058,0.6226602292615595,0.8372836787297004
quantum,mu,158,0.5582183347036092,0.5656989647820592,0.7754511519624727,0.7179999999999999,0.6069868303247514,0.6260921796797072,0.8424531004819749
quantum,mu,159,0.5584932518367423,0.5705542174838484,0.7824999275758201,0.72,0.6018959984254877,0.6200960392481201,0.8253270576023809
quantum,mu,160,0.5575879512312435,0.5703814763451616,0.7833842117013393,0.7233333333333334,0.5984252557120849,0.6167763193204341,0.8248115461444948
quantum,mu,161,0.5571972079535481,0.5796154246417184,0.7712112628627058,0.7126666666666667,0.5989382332576857,0.6236336088509946,0.8252170335679084
quantum,mu,162,0.5562846925664926,0.5815746837407351,0.789970664534072,0.7066666666666668,0.5944905168962356,0.6199537874990501,0.8278817746492493
quantum,mu,163,0.5577042556544863,0.5755613318098088,0.7786935224994717,0.7253333333333333,0.5992039961689222,0.6246733480896663,0.8500515148880388
quantum,mu,164,0.5577705997693507,0.5761551548323284,0.7789366374749057,0.7133333333333333,0.5969368705899999,0.6457764960755796,0.8210428313018949
quantum,mu,165,0.5570975167202221,0.5717412223555148,0.780677449937887,0.722,0.5974960841504287,0.6203209644070272,0.820738783177136
quantum,mu,166,0.5572590770312041,0.5644304893960557,0.7824780687545363,0.7366666666666666,0.5968170915837347,0.6299786652648444,0.8449908657356981
quantum,mu,167,0.5582932392698325,0.5833827027920633,0.7766711321538321,0.7146666666666668,0.5958418759870518,0.6194033717735962,0.8358381350809477
quantum,mu,168,0.5568024019701019,0.5597355562758942,0.7877549230603608,0.7333333333333332,0.6052572805409699,0.630509215073521,0.8336205536692793
quantum,mu,169,0.5580455056868572,0.5772462615234157,0.7833622478432956,0.7306666666666667,0.5897985751602314,0.5987868197849538,0.8221719098440297
quantum,mu,170,0.5586355901712474,0.5637822764143348,0.7906195505148719,0.7333333333333333,0.5927274681223107,0.6165591336761946,0.8161999142031731
quantum,mu,171,0.5581050416234647,0.6006071789016326,0.7858857302445401,0.7066666666666668,0.6055043977034023,0.6307128150543466,0.8371942326656155
quantum,mu,172,0.5585485527571096,0.5656428046040237,0.7866029944160514,0.7320000000000001,0.6043983139741779,0.6221305971421915,0.8446356389244245
quantum,mu,173,0.5589867298742368,0.5802657884756723,0.7902283779274527,0.7253333333333334,0.6070034851593638,0.6293568949124255,0.8424339100946596
quantum,mu,174,0.5605474172061076,0.5735856011460225,0.7731106513260751,0.7286666666666666,0.5943212278093243,0.617250220011609,0.8346283603010936
quantum,mu,175,0.556488432462987,0.5675709729765853,0.7818994930283678,0.7366666666666666,0.6100903373596105,0.6205488989914459,0.8224191561232554
quantum,mu,176,0.5584377680916999,0.580124287687242,0.7864854886631807,0.7346666666666667,0.5915293070718638,0.6347203298032549,0.8468473764374232
quantum,mu,177,0.5561216531882528,0.5841599517849585,0.7745805300513183,0.7220000000000002,0.5992288737802903,0.6339259030916055,0.8397900088142605
quantum,mu,178,0.5597935543969894,0.5625913852006198,0.7879393908944076,0.7293333333333335,0.6070297013294788,0.6202295556656923,0.8211927569435135
quantum,mu,179,0.5573691242562295,0.5683165318059424,0.7798476067759175,0.7286666666666667,0.596199127676746,0.6107989407540793,0.8236420647732761
quantum,mu,180,0.5578479967931441,0.5732418687293926,0.7785179122074639,0.7326666666666666,0.6004491619656834,0.6236880751403105,0.8428137824637739
quantum,mu,181,0.5579147716915467,0.5696015237073104,0.7819145715193396,0.7186666666666666,0.5993315324010736,0.6228359858342933,0.8400690800658894
quantum,mu,182,0.5578876532463668,0.572690877477328,0.7793058886603341,0.7206666666666666,0.5860072180324128,0.6084071065028362,0.8167114382478294
quantum,mu,183,0.5574585540523598,0.5707010685379308,0.7762237376973411,0.7353333333333334,0.5984613491767543,0.6254861719436298,0.8252471224958351
quantum,mu,184,0.5569959671364049,0.5759551058833798,0.783528632058493,0.7146666666666667,0.5948997269575893,0.6272505779160573,0.8240872310930788
quantum,mu,185,0.5568504259095256,0.5739860332931082,0.7791517069752685,0.7213333333333332,0.5894922551519082,0.6224479466044552,0.8264332326259
quantum,mu,186,0.5582952968991013,0.5573622582269211,0.7835457282556424,0.7426666666666668,0.6029763623949278,0.6140808527072655,0.8238702173687364
quantum,mu,187,0.5564670920520632,0.5809233178173503,0.7823254828746784,0.7106666666666667,0.6009711225230515,0.6286086084227851,0.8332985224208409
quantum,mu,188,0.5573408438095575,0.5760773334807406,0.7808705017937313,0.7273333333333334,0.5905304298180584,0.6084756091733364,0.8065151627934461
quantum,mu,189,0.5568537926499266,0.6075560002264876,0.7694373029808641,0.708,0.5976370160262616,0.618404801467264,0.8157805252826386
quantum,mu,190,0.5593530046760375,0.5615981925800442,0.7780216874280275,0.7353333333333333,0.5819117126234119,0.6236950942061796,0.8330339474729573
quantum,mu,191,0.5557392013419885,0.5851537536991139,0.7844699828163504,0.7146666666666667,0.6047388581150732,0.6228309799345398,0.8510439819315527
quantum,mu,192,0.5555456643077001,0.5779749955516309,0.7682413533959632,0.7273333333333334,0.5894163705273455,0.6213175084555413,0.8261083941627605
quantum,mu,193,0.5573327638995446,0.5611178056634961,0.7850622250932521,0.7273333333333334,0.5948879703303704,0.6279740704730966,0.8464959601921652
quantum,mu,194,0.5577909162111659,0.5658596958381434,0.7810519295474918,0.7206666666666666,0.5841877122044604,0.6377755501076072,0.8424776514023467
quantum,mu,195,0.5563641699705622,0.5727067363870642,0.7666778219177715,0.7106666666666667,0.5794780680720393,0.6435632971439613,0.8451029891774449
quantum,mu,196,0.5600046063744231,0.5662470643582443,0.7848550067584149,0.7346666666666668,0.6185442372338412,0.6342764017971433,0.839396955859374
quantum,mu,197,0.5575438786060938,0.5744783322090905,0.7745547060839479,0.72,0.5918215830199693,0.6322162800747199,0.8442736809214424
quantum,mu,198,0.5581942075663925,0.5705270755402745,0.7828855628323764,0.7286666666666667,0.5885569641469113,0.6232416760926759,0.8210992312109177
quantum,mu,199,0.556400922444746,0.5768309953523179,0.7786167115999598,0.7306666666666666,0.5854930212723918,0.6348861515067397,0.8385214554651487
quantum,mu,200,0.5545945354045639,0.5909958578782778,0.7731266229407942,0.7166666666666666,0.5939420307980832,0.6308922382982616,0.8272539816996162
classical,gap,1,0.5803048201341299,0.4501276897519517,0.8699644150289515,0.778,0.1910117500655935,0.5054492969475465,1.6017163627914193
classical,gap,2,0.4151514195565008,0.40172877301768556,0.9046139054025982,0.8073333333333335,0.18143281545906917,0.7994919482258062,0.9497296584645978
classical,gap,3,0.38392144217146174,0.37309054579810863,0.9126092616275983,0.8186666666666668,0.16450491271138337,0.7987972923707866,0.7994031650834753
classical,gap,4,0.3740912148828938,0.3990249786101437,0.9093398124496058,0.8246666666666667,0.18478722979466658,0.8041073318320521,0.7465858484669318
classical,gap,5,0.37080775948396094,0.38237916081530665,0.9188726108045469,0.808,0.19601873528330307,0.8457935742530713,0.6871288497800132
classical,gap,6,0.3663374491992824,0.3743216980688545,0.9173253060971678,0.8193333333333331,0.21138663980412806,0.8440804693919663,0.6770052211139819
classical,gap,7,0.3660189285878599,0.3705762970627984,0.9140982738626361,0.8240000000000001,0.21571493584493484,0.837051753439493,0.6673546823404973
classical,gap,8,0.3646171504497239,0.36556302835734095,0.9172186910878644,0.8200000000000001,0.20619731851119485,0.8392576232293344,0.621486572652645
classical,gap,9,0.365019244069624,0.35553310521754133,0.9193052543166076,0.8226666666666667,0.22076411317783462,0.8464601842063443,0.6233012624566772
classical,gap,10,0.3600453517386838,0.3703511972677273,0.9167961107208178,0.828,0.22941968275145608,0.8517503792219626,0.608111720072207
classical,gap,11,0.36202092550983556,0.3695126755036763,0.9108917112853561,0.8240000000000002,0.2400412611748572,0.8458079380257828,0.6181697532983789
classical,gap,12,0.3618206319955268,0.3639708236544975,0.9166380421304886,0.8173333333333332,0.2366199490374758,0.8427509776923052,0.6119313222508836
classical,gap,13,0.36089729280125293,0.35966960883652793,0.9192998741642594,0.8253333333333334,0.2301845092982513,0.8207810392473854,0.599045752293138
classical,gap,14,0.3572028259732336,0.3663817549279774,0.9165591386097353,0.8386666666666667,0.2228347974274109,0.8347833784833864,0.6098226580622719
classical,gap,15,0.3567696459600144,0.37479721341495553,0.9187470129117873,0.8113333333333334,0.22316634953429362,0.8154710749013052,0.6033252864722749
classical,gap,16,0.3604093074425594,0.3787078125019131,0.917171779322971,0.8153333333333332,0.2247454226257073,0.7908576131977301,0.6039566297758936
classical,gap,17,0.35738359406013476,0.35691481977730294,0.9224372029413814,0.8273333333333334,0.22362351944675618,0.7889369830496673,0.5843395306442367
classical,gap,18,0.35524855793502924,0.36658807842690055,0.9165782678008346,0.8226666666666667,0.22383546289640707,0.8144273282624269,0.5907690084914826
classical,gap,19,0.35582256609699164,0.3633262113463328,0.9184199276589291,0.8300000000000001,0.22502952680549337,0.7705966176665972,0.5839459396426606
classical,gap,20,0.3558424165356188,0.35945561959881644,0.919989066815487,0.8326666666666668,0.23421710299133003,0.8112990775979674,0.5944678171128177
classical,gap,21,0.35927111191694716,0.3664274837910003,0.9173676439038496,0.8240000000000001,0.22869388870689958,0.6984528003693524,0.5588829439180161
classical,gap,22,0.3574199081665304,0.3568146607331001,0.917679754165089,0.8413333333333333,0.23327714213458167,0.782948553200629,0.5639428034386251
classical,gap,23,0.3571308917298436,0.3607661970591871,0.917951155614847,0.8300000000000001,0.21752885200557479,0.7645146647884024,0.5512841889419106
classical,gap,24,0.35673029149862545,0.36807047381861296,0.9164450238206241,0.8219999999999998,0.21580800289859203,0.7230020047729568,0.5465854820743145
classical,gap,25,0.35769357233508947,0.3818233549533567,0.9162237804001212,0.8113333333333334,0.21887836727725746,0.7107376031858135,0.5467070303355124
classical,gap,26,0.3576966883478902,0.3574603340083074,0.9191072122619983,0.8240000000000001,0.21149986941989055,0.7602356515844899,0.5516797394974849
classical,gap,27,0.35554331369443876,0.3667264465487484,0.9192732205223754,0.8226666666666667,0.21338289332285978,0.7597266643444021,0.568956010592032
classical,gap,28,0.35890621324492955,0.3778074534576542,0.9159577602228749,0.8146666666666667,0.20846874891549647,0.7869836890353196,0.5635876535614576
classical,gap,29,0.35645718024254214,0.3574465147578642,0.9204026689927319,0.8246666666666667,0.21409996141095378,0.7425487809463733,0.5517168751984427
classical,gap,30,0.3566866641663425,0.36567287691192657,0.9177839311283075,0.8313333333333333,0.20289204613484188,0.774522519939798,0.5704111320539401
classical,gap,31,0.3552687151622559,0.36283784176955913,0.9180073570716546,0.8273333333333334,0.19938875393305128,0.723815467183261,0.5515808889062288
classical,gap,32,0.35339858773878163,0.36007573233572965,0.9212112005438833,0.8406666666666667,0.1987102464005833,0.7100486047307265,0.5398162264894706
classical,gap,33,0.35609688867360484,0.37711942324965875,0.9152138012216229,0.8273333333333334,0.20152791291207958,0.6833688765325681,0.5529246705807909
classical,gap,34,0.356242481013602,0.36453797214757167,0.9182715737561475,0.8280000000000001,0.20112434056641376,0.7396986658390731,0.5456987904622936
classical,gap,35,0.35721946226656165,0.3619735794800411,0.9172464932463124,0.8313333333333333,0.199151452484216,0.6693031127525234,0.5662212338822405
classical,gap,36,0.3535285782686918,0.36553846375472493,0.9173975784343111,0.8139999999999998,0.20437929172311975,0.6770193663980993,0.5338830942925382
classical,gap,37,0.35617188167654773,0.37201499897045626,0.9171378088043693,0.8166666666666667,0.1971494240070584,0.6672267239481473,0.5573418867641807
classical,gap,38,0.3577970642815417,0.3621850055521257,0.9218293330380917,0.8206666666666667,0.21762056154898057,0.6596830253327416,0.5505511240026701
classical,gap,39,0.3564931113688763,0.36183366259616256,0.9175663961647491,0.8313333333333333,0.20270031026574648,0.6388732216799317,0.5399851396711834
classical,gap,40,0.3563015894081148,0.361392158192272,0.914200786164414,0.8173333333333334,0.20659575426316762,0.6543020160294446,0.5861798117553766
classical,gap,41,0.3550134886581918,0.36774293269555824,0.9120469757792957,0.8140000000000001,0.19612994735559655,0.6365278497895324,0.5935289626851292
classical,gap,42,0.35691011199652045,0.35736791572046545,0.9192735059821802,0.8426666666666666,0.19776609753544291,0.6634454246853986,0.6118618099861713
classical,gap,43,0.3578910494669062,0.36609220784143937,0.917518344738595,0.818,0.2059110633082551,0.6483552409446933,0.6074433077363812
classical,gap,44,0.3569351205280796,0.37479225207742034,0.9154892626208888,0.8253333333333333,0.20447173269522495,0.6543061872169638,0.5846940841696523
classical,gap,45,0.35694030101159235,0.36369520827759216,0.9157742251530239,0.8320000000000001,0.20841228232470846,0.6565667859963027,0.5872504062744983
classical,gap,46,0.3548371566990279,0.35123917819505734,0.9174679987307119,0.8333333333333333,0.21356741162632184,0.6277393094998945,0.5890589941120128
classical,gap,47,0.35765327270380354,0.36645374285570387,0.9190015532209319,0.8333333333333334,0.21333352890584084,0.6090148858567582,0.5932088535143338
classical,gap,48,0.35829123976310806,0.36625297606095164,0.9172331129592832,0.8340000000000002,0.20554313240279748,0.6150549454908036,0.5720446974187225
classical,gap,49,0.35546482010243624,0.35865795056149363,0.917498006538394,0.8266666666666665,0.2087267983075463,0.5895075627059082,0.5755824804350673
classical,gap,50,0.3582947662263872,0.3615165137533234,0.9193987427084978,0.8386666666666667,0.20495575109673964,0.6123711269613434,0.5779079101629164
classical,gap,51,0.3555675528437982,0.36599795951889247,0.915416948248658,0.8213333333333332,0.1990738850466598,0.6004299559183007,0.556415139188166
classical,gap,52,0.3557042017102249,0.37329151318775255,0.911695381199784,0.8293333333333333,0.2015855050989582,0.622287806378953,0.5819358652179352
classical,gap,53,0.35511329777376766,0.3612382430711005,0.9172919743912539,0.8266666666666665,0.20823821399868442,0.6218066318093287,0.5703823304261528
classical,gap,54,0.3535872012495605,0.3752288456321112,0.9139684017593428,0.8106666666666668,0.21028686432805105,0.6139132171127114,0.5785870130025673
classical,gap,55,0.3569942317704216,0.35701554599238444,0.9176132099802705,0.8413333333333334,0.21125711648695672,0.5998155602407036,0.5710644772446632
classical,gap,56,0.35402861370787986,0.3492968377522872,0.9180170288479126,0.8386666666666667,0.22182137013681652,0.6129811940391783,0.5718154683876066
classical,gap,57,0.3553075692758042,0.359524439693836,0.9196611467261556,0.8320000000000001,0.21627184803590271,0.6068796156628588,0.5833067959213802
classical,gap,58,0.3543781064214139,0.3619453240537259,0.9181878759665423,0.8240000000000001,0.20825978554495395,0.5921997406075372,0.5795239905533605
classical,gap,59,0.35685007587135265,0.3498454601946869,0.9192173417964522,0.8366666666666667,0.20890669170521758,0.5737323647126225,0.5817378045328707
classical,gap,60,0.35478973588969953,0.37248641381686326,0.9159193073297903,0.8193333333333334,0.20410649213567605,0.5839730652241457,0.5594995382675889
classical,gap,61,0.35667833606805377,0.35674251909356103,0.9188632506892074,0.8366666666666667,0.2111968542685594,0.5878307622926134,0.5740665860472258
classical,gap,62,0.35197306817757906,0.36104227363118846,0.9203000839126059,0.8113333333333331,0.21113082041245973,0.5394355378717118,0.5790159060802107
classical,gap,63,0.35487061976144957,0.3595442608833546,0.9197035445684254,0.8366666666666667,0.21820213847261663,0.5837118953295344,0.5890026144777336
classical,gap,64,0.35138960018841364,0.3633891916376112,0.9157797962654264,0.8253333333333334,0.20104051115158864,0.5391213278064637,0.5895770350674991
classical,gap,65,0.35282980049753154,0.38724011857787266,0.9144958187115619,0.8086666666666666,0.1937342024817138,0.5167808881904921,0.5709113074631776
classical,gap,66,0.353039600267105,0.38797415612052044,0.9179412205808051,0.8173333333333332,0.20940270770375546,0.5634557499974776,0.5599951107566048
classical,gap,67,0.35484791742535887,0.36058660600760295,0.9185442295257648,0.8306666666666667,0.19163125981492873,0.513968412451524,0.5610228437347089
classical,gap,68,0.3542088719868734,0.35959284889359694,0.9194599540708929,0.8313333333333335,0.20519445692068233,0.5428115435403928,0.5569544370874511
classical,gap,69,0.3521971157679853,0.3830964675824119,0.9149964742635655,0.8246666666666667,0.20150145226479785,0.5554431940651947,0.5613057736059914
classical,gap,70,0.3556205081962564,0.357246369883224,0.920145189392757,0.8426666666666666,0.20659943158603378,0.5651530560906476,0.5696201801078851
classical,gap,71,0.3540021608592235,0.3633864239385293,0.9172009658088575,0.8306666666666667,0.20095547262633992,0.5514883711149391,0.5465368837854844
classical,gap,72,0.3558316653441323,0.36800724218608233,0.9160233375194163,0.8273333333333334,0.2263666476095581,0.5462825053750077,0.5644781473529985
classical,gap,73,0.354795218314457,0.35336379100664633,0.9196455804990032,0.8320000000000001,0.21691315379640347,0.5476936389761856,0.5404097667503702
classical,gap,74,0.353999792943103,0.3563540286613764,0.9186703739864189,0.834,0.22705745111522996,0.5539692118735784,0.5342976423922305
classical,gap,75,0.3558468823604536,0.3617525366271681,0.918820397316504,0.8413333333333333,0.2324662887584628,0.5424554471424086,0.5473823564785496
classical,gap,76,0.3519071844101924,0.35806421098118396,0.9205780415635102,0.8306666666666667,0.22397442068158785,0.5348134148287531,0.5295730373965808
classical,gap,77,0.35334722570661625,0.35515711713071985,0.9201655811029165,0.8353333333333334,0.20793118239800917,0.5121293694868096,0.523221649433369
classical,gap,78,0.3539193430253906,0.3467814553622932,0.9213018828170327,0.8426666666666666,0.2123678908975391,0.535973461099818,0.5353561868188528
classical,gap,79,0.35492918752850305,0.35998970955633564,0.9187734935088283,0.8246666666666667,0.23028224466387454,0.5029627004109002,0.5421322069592047
classical,gap,80,0.351134212882775,0.3657865515398929,0.9182130307940989,0.8126666666666666,0.2103142882246213,0.5359888904430934,0.5209335716343371
classical,gap,81,0.3555951455935574,0.3590099344807386,0.9194881780660268,0.8293333333333333,0.2083801958927581,0.5039946968552709,0.5088644523334243
classical,gap,82,0.35382776674967453,0.3705652737200823,0.9161469453547528,0.8233333333333333,0.20874152262169304,0.5216611715648185,0.5179525354919339
classical,gap,83,0.3545346019824375,0.36273698195082643,0.9196351465847219,0.8353333333333335,0.21420212107059564,0.5117287200790754,0.5089597888227282
classical,gap,84,0.3528130502707685,0.36313029296125754,0.9203596453270828,0.8280000000000001,0.20517992121433667,0.546262447342481,0.5103707372549418
classical,gap,85,0.3538900613089708,0.35416364524893773,0.9179855608678418,0.834,0.19481740413599208,0.5283718759340353,0.5073883083467046
classical,gap,86,0.35284591858693326,0.35670728733497287,0.9172640118168067,0.8360000000000001,0.2008589756949794,0.5333189921274389,0.517592216027235
classical,gap,87,0.35009153830506523,0.35206466230873773,0.9180422942283825,0.8353333333333334,0.1959174854506068,0.5137483127021317,0.5011532216156136
classical,gap,88,0.3538998400707499,0.3690281270209622,0.9184982478375726,0.8379999999999999,0.20361491946714963,0.5238424018326401,0.4911123889841466
classical,gap,89,0.3518435935019223,0.3609246158177994,0.9169348073331408,0.8320000000000002,0.209395117547313,0.5300157037178328,0.49485955304656404
classical,gap,90,0.3540957153727605,0.36616864280728617,0.915068815291557,0.8166666666666668,0.22112967792793184,0.5212164840311725,0.5130825750873397
classical,gap,91,0.3510593022705322,0.3519845025606191,0.9207302720377,0.8306666666666669,0.20996366041799247,0.505551615137489,0.49893014162201005
classical,gap,92,0.3505128618266562,0.35996596032043937,0.918137465761129,0.8326666666666667,0.2090892092541848,0.487982643827291,0.4987857398466267
classical,gap,93,0.354330851535389,0.372167359649844,0.9166800073507801,0.8300000000000001,0.22498477387181706,0.4737465949746939,0.5119598891205774
classical,gap,94,0.3546515387109268,0.3713493045014717,0.9156911376123211,0.8173333333333334,0.223179040055641,0.5389477612026706,0.49628941621451617
classical,gap,95,0.35518623205998995,0.3594708379301786,0.9179937894588515,0.8320000000000001,0.21162163892359875,0.4980219770415749,0.49896800830156585
classical,gap,96,0.3555936465265779,0.35871561209865227,0.9178477864664742,0.8366666666666667,0.20942239970194604,0.5040529266295387,0.4861705202060008
classical,gap,97,0.3538784465292095,0.3641439598914391,0.9163052342403107,0.8193333333333335,0.1940313927253931,0.490639204733763,0.4904639134393842
classical,gap,98,0.35289515383365544,0.36126317748032555,0.9177180242485807,0.8226666666666667,0.2003248010742032,0.4949333687860512,0.5005282049140148
classical,gap,99,0.35405292157933915,0.3554212482130824,0.9209521578670797,0.8326666666666667,0.21093445285979556,0.501979539139499,0.480865007238193
classical,gap,100,0.3511973437641943,0.3670159395169078,0.914634153851393,0.8253333333333334,0.2090624530320396,0.4993951975295869,0.4832800873219787
classical,gap,101,0.3531657029883087,0.3453214568975381,0.9210675815740746,0.8373333333333333,0.19309052920936254,0.4890399053170148,0.4946773748964793
classical,gap,102,0.35182081479385097,0.35867163162225435,0.9181556231686615,0.8233333333333333,0.1919246522815384,0.502324149997426,0.49822287718264907
classical,gap,103,0.3527678284277319,0.3600052160558358,0.9214660632730116,0.8373333333333333,0.2010136551728904,0.509111049030924,0.5068003885245751
classical,gap,104,0.3547235430604,0.37359051776858787,0.9173694630657199,0.82,0.2028692037947753,0.5291197154704482,0.5041351723993708
classical,gap,105,0.3529157179712717,0.35479529466978665,0.9194197918012529,0.836,0.20281028578496768,0.5452686190898385,0.5271890535492851
classical,gap,106,0.35363096194069915,0.3590297025035737,0.9184439460703852,0.8346666666666666,0.18119265007449897,0.5111336781083247,0.5002566636174228
classical,gap,107,0.35390479087071625,0.370253835409123,0.9157351111796818,0.828,0.20966063876167107,0.5250464467490965,0.5106845435411147
classical,gap,108,0.3539755717194912,0.38054764241466177,0.9173365076873458,0.8246666666666667,0.1926187057225672,0.5249540100866044,0.4970617742926045
classical,gap,109,0.3568687555676016,0.36399550532147984,0.9152965252180005,0.8273333333333334,0.17792626494687952,0.4862833361099173,0.5030982234974064
classical,gap,110,0.35676557328139824,0.3579119624472999,0.9157406553086818,0.8306666666666664,0.1826756076909894,0.5109234998697726,0.516364582252016
classical,gap,111,0.3563000010529368,0.3622116661121836,0.9151193252401193,0.8253333333333334,0.18988813066325794,0.522124966236382,0.525986688011381
classical,gap,112,0.35739496807995585,0.3631562438185404,0.9137892045853683,0.8273333333333331,0.17720250759691727,0.5008958339572718,0.5309921010580385
classical,gap,113,0.3560939751320598,0.3646467841566118,0.9169530876807265,0.8219999999999998,0.19523809799223898,0.49640974499070956,0.5107651737277787
classical,gap,114,0.3568858230829099,0.364228605852443,0.9164777246385631,0.8246666666666667,0.20269744392441474,0.5061499555796959,0.552262174670023
classical,gap,115,0.35630175035884953,0.3656233481593275,0.9170716167099986,0.8426666666666668,0.1997062070978318,0.5073166417914445,0.5239940521367943
classical,gap,116,0.3566198403085171,0.37692037248269966,0.9152892805962519,0.8233333333333333,0.19338085391285456,0.508487913236972,0.516237354244917
classical,gap,117,0.3556042812968951,0.35629265323042697,0.9191380873433644,0.8313333333333333,0.1941504593722928,0.5313424506537566,0.5081454512622429
classical,gap,118,0.3568758652669388,0.36988080317197214,0.9160858923161432,0.8186666666666665,0.17681873695853198,0.4997482102832335,0.5163347901937863
classical,gap,119,0.3599419761922023,0.3716292654991266,0.9179741767119285,0.8226666666666667,0.20773878774922303,0.5089522170434105,0.5051248290977236
classical,gap,120,0.3547379267970331,0.35010064897787135,0.9215803202017814,0.8373333333333333,0.2040354213727053,0.4805802407889298,0.5276439412152465
classical,gap,121,0.3561941309224924,0.3622367987950759,0.9184947674001428,0.8280000000000001,0.19158052982846646,0.48938201313009255,0.5111615863763844
classical,gap,122,0.35538561017820697,0.36893771795786845,0.9178260542500649,0.8320000000000001,0.203216238853217,0.44873035906140385,0.48361409091475505
classical,gap,123,0.3571406081265641,0.357156060640152,0.9177921528166451,0.8379999999999999,0.2196619361942876,0.46868177457638815,0.5066867745759227
classical,gap,124,0.3553424426651894,0.36523239688723697,0.9174558026325181,0.8346666666666666,0.21239030736314252,0.44313785144861584,0.49844599325046063
classical,gap,125,0.3533872126648955,0.3644896346841221,0.9145937352616013,0.8320000000000001,0.19244526137412682,0.45844183441564973,0.5109022632308562
classical,gap,126,0.35456932244587225,0.373791209983911,0.913003683933459,0.8273333333333334,0.19990480746849712,0.4713426997866931,0.506182210490806
classical,gap,127,0.35428710748339654,0.3595006802842836,0.9169895815630458,0.836,0.22726775829243273,0.4766403252471937,0.5054797651860453
classical,gap,128,0.35162719209456184,0.3659514088950042,0.9149153732734927,0.8306666666666664,0.22034465396667277,0.45491968697215784,0.4929590552884046
classical,gap,129,0.35638430720967645,0.35964268233240115,0.9182515181091947,0.8333333333333333,0.20877227658119138,0.4741725552076953,0.5131640282234284
classical,gap,130,0.35483450297550606,0.36093511672819295,0.9199961670567808,0.8220000000000001,0.2186541422874341,0.47299882750376926,0.5151421522304676
classical,gap,131,0.3544215845532991,0.353674650263929,0.9175358754059701,0.8320000000000001,0.2143182404943249,0.48474601406127443,0.5034199658852685
classical,gap,132,0.35174252453087423,0.3567439150637947,0.9202785347927716,0.8373333333333333,0.21565477576506226,0.48251032733870025,0.5060705620260278
classical,gap,133,0.35349236146062935,0.36638385259631956,0.9168157063837656,0.8159999999999998,0.2120634496387385,0.5092832962228993,0.5150747570959854
classical,gap,134,0.3523577813596153,0.3623885812788321,0.9184237378671465,0.8320000000000001,0.20247611877515234,0.48443077572032517,0.4979864113309381
classical,gap,135,0.35448059882529004,0.35333019894116535,0.9200103140753191,0.8373333333333333,0.21972624740860658,0.47971469806271133,0.5031986685663506
classical,gap,136,0.35515380120757906,0.3594269137299465,0.9172353964135826,0.8300000000000001,0.21633202389621223,0.46921020575454087,0.5372818336006504
classical,gap,137,0.35756066077535137,0.3701621012159837,0.9172618247033162,0.8200000000000001,0.22619947017959502,0.481613701419484,0.5759817929974961
classical,gap,138,0.3526969973612838,0.367974685563667,0.9153747315908175,0.8213333333333332,0.20322100864147302,0.44943728423897145,0.577741340644989
classical,gap,139,0.3544926103504815,0.35364870048066466,0.9207916539896772,0.8313333333333333,0.24460129384825122,0.5129359137017121,0.5963332393372263
classical,gap,140,0.35661986034177307,0.3587402032207271,0.919623761274184,0.834,0.23982589260934634,0.4725600942263302,0.5468073738561434
classical,gap,141,0.35450064355446603,0.36005370841192785,0.9172211097790879,0.8286666666666667,0.23419344218985985,0.47582395259451865,0.5750093585872026
classical,gap,142,0.35495535791997745,0.3557443507235439,0.9175033501464849,0.8366666666666666,0.21446607820248142,0.4782371598938126,0.540991862005203
classical,gap,143,0.3535641802346188,0.3624519120302284,0.9198159513074959,0.826,0.21457929787845847,0.4797117095349098,0.5562168247451996
classical,gap,144,0.3525239306765261,0.37169463214371357,0.916056872993561,0.8306666666666667,0.20515898545368336,0.4701509847134064,0.5388705768171725
classical,gap,145,0.35149439483353706,0.3532727600806586,0.918369153929077,0.8360000000000001,0.2089100873660581,0.4763113515276255,0.5494059495407633
classical,gap,146,0.35287763424099333,0.3762482282139002,0.9165734583928667,0.8186666666666668,0.21402789676678663,0.4498799328900551,0.5361010317586892
classical,gap,147,0.3525635284463694,0.36708131216902984,0.9142204665514864,0.8313333333333335,0.22376657782153747,0.4873158042262345,0.5575315167279187
classical,gap,148,0.35249135828141853,0.36360791984735985,0.918234700795853,0.8226666666666667,0.21467464196550984,0.49283429460642586,0.5368028688788097
classical,gap,149,0.3543160184970223,0.36101843770400344,0.9202750300272757,0.8240000000000001,0.21541895158646648,0.4814841110498815,0.5530517875013459
classical,gap,150,0.35321776605560073,0.3675590073422306,0.9141297036558063,0.8353333333333334,0.2184731001056348,0.47514480291956396,0.540416050759583
classical,gap,151,0.35193496550891445,0.3670370562806881,0.9150003471404775,0.8313333333333335,0.2336932933329582,0.4743438084244082,0.5403106952499371
classical,gap,152,0.3521837548914878,0.3595668167300755,0.9158088008012518,0.8233333333333335,0.2193606310952466,0.4949858049910752,0.5401651046381272
classical,gap,153,0.3572165789373368,0.3680697603852799,0.912360531139601,0.8173333333333334,0.22825316806133228,0.4959381573205729,0.52955434719036
classical,gap,154,0.35257930724408026,0.3667514735316787,0.9169717287298924,0.8313333333333333,0.2240475299230848,0.462415271912489,0.5156077710170035
classical,gap,155,0.35220020553486864,0.36676964270210005,0.915268092347407,0.8273333333333334,0.20018253302117833,0.46758838430279914,0.5011217693705771
classical,gap,156,0.3527861547903863,0.35759294346361037,0.9173745272027929,0.8286666666666667,0.21351911130906212,0.5021487402943261,0.5281920641020988
classical,gap,157,0.34767404640315297,0.3592058028404814,0.9180345271120766,0.82,0.21907012509150342,0.4949737989670376,0.5238829920641339
classical,gap,158,0.3535399722589292,0.37279894464089985,0.915232620744888,0.828,0.22583973798072102,0.49680826412268575,0.5108010480940213
classical,gap,159,0.35435347250391197,0.35695868851957374,0.9173482618425304,0.8333333333333333,0.22902141502768186,0.5000258548466909,0.5025762308804145
classical,gap,160,0.35379828302599986,0.3607711929453023,0.914922540210403,0.8293333333333333,0.2333264541245811,0.48681738065069446,0.5239834669006045
classical,gap,161,0.35317356461684296,0.36835324688482557,0.913800990810803,0.8233333333333335,0.21685048806662793,0.4547053645511553,0.5513389971745941
classical,gap,162,0.3537556543727646,0.36979604005349637,0.9186003109732728,0.8306666666666667,0.21916293839529036,0.4856535027985697,0.512016765149675
classical,gap,163,0.3536947370225464,0.36272053764045875,0.920397237466563,0.8273333333333334,0.2208665161011938,0.4696047488145469,0.5276547610867588
classical,gap,164,0.3528244339618286,0.3609455591551742,0.9179665897882566,0.8320000000000001,0.2015705347456028,0.49373567191855744,0.4923991989678694
classical,gap,165,0.35208156183209116,0.3640409978216509,0.9178551772190282,0.8246666666666668,0.20635325739999089,0.46392767583115874,0.5164263687694606
classical,gap,166,0.35292668804911353,0.36284290591883833,0.9182094323031815,0.8193333333333334,0.19988455462677596,0.4641184685993217,0.5059257213447863
classical,gap,167,0.3552414920479971,0.3723212075331055,0.9155161165318978,0.82,0.21362466105182923,0.47657536823928853,0.5329858812289103
classical,gap,168,0.3504443514851599,0.36744947314033444,0.9182236165666794,0.8246666666666667,0.218776351967453,0.4690486256791041,0.5235465461728406
classical,gap,169,0.35278646547840603,0.36542179800532654,0.9185053724526769,0.8306666666666667,0.22841669670430745,0.4687341979981364,0.517056431454187
classical,gap,170,0.35105018811977606,0.3674325475088893,0.9174246328525759,0.8146666666666667,0.20929673627034212,0.4601287188394256,0.5299283399033902
classical,gap,171,0.3508760251781955,0.35415466770458565,0.9222212974392164,0.8373333333333333,0.20132222915082926,0.4628295643156899,0.49803604400105295
classical,gap,172,0.350612136776574,0.3617207525128906,0.9151500678926083,0.8306666666666664,0.18809817959963238,0.4667574572833229,0.49392498806062973
classical,gap,173,0.35275174781536667,0.36294008032780645,0.9192438473661803,0.8273333333333334,0.19405120365802458,0.47288864004330966,0.5310760990681305
classical,gap,174,0.3563288772709629,0.3611306548759336,0.9189897589796244,0.8273333333333334,0.20517893736937226,0.459901364179652,0.5309081428996745
classical,gap,175,0.3536095254652355,0.36455824373172324,0.918601499624601,0.8220000000000001,0.21108267466038638,0.4612496211652323,0.5383408136461719
classical,gap,176,0.35062651681416207,0.36906271384744715,0.9174937330762851,0.8226666666666667,0.1916790910766995,0.46860413567782266,0.5226698746069991
classical,gap,177,0.351223076109505,0.35988979637131946,0.9205497120676963,0.8240000000000001,0.20065142531767083,0.4496606568655158,0.5101057039328576
classical,gap,178,0.3516147019427504,0.34733518516393824,0.9215346568860612,0.8280000000000001,0.20229428928586518,0.4772990821764852,0.5079793474748706
classical,gap,179,0.35226016745211036,0.3654874612118001,0.9166431597322365,0.8300000000000001,0.19926796240625028,0.4546710266269877,0.5218789247343022
classical,gap,180,0.3519149374558864,0.3715336926505988,0.9106524131502555,0.8226666666666667,0.1998596171913018,0.4473299873080078,0.5179318454656869
classical,gap,181,0.3528011215725438,0.35912476405964117,0.9170441058056327,0.8186666666666665,0.20115630493829992,0.4583064980990212,0.5188513411914217
classical,gap,182,0.3517659534404591,0.36472222501414914,0.9161795848728189,0.8286666666666667,0.2008857980717728,0.4551920918952163,0.5021226276076559
classical,gap,183,0.35371771143976266,0.3577230527448167,0.9189605239200048,0.8313333333333333,0.19861078552132866,0.45200947925551016,0.4969871748369089
classical,gap,184,0.35479386168338045,0.3779692377318028,0.9164166822665175,0.8153333333333332,0.21451429921355017,0.45199722531712966,0.4940318771590248
classical,gap,185,0.352164181214193,0.3585639683761035,0.9177884769776268,0.8286666666666667,0.22408112448680884,0.4450671138112585,0.5037781730279247
classical,gap,186,0.3487862136529549,0.3604939971298239,0.917592740518639,0.8200000000000001,0.21080636320441076,0.42424536230216753,0.5072379087134046
classical,gap,187,0.3506457722301059,0.35602984641935476,0.9205263188409031,0.8426666666666668,0.2010567754444308,0.44554192900924744,0.503815140344863
classical,gap,188,0.35507433818795064,0.3623944338028014,0.9133364706061744,0.8286666666666667,0.22003049922006604,0.434054141912981,0.5061512299564854
classical,gap,189,0.35248061135409464,0.3622494116663866,0.9155104031588562,0.8246666666666667,0.23771849831172953,0.44281193058480317,0.5282998319460643
classical,gap,190,0.35009428121595987,0.3698749275002435,0.9180488277341075,0.8266666666666665,0.21962125728841703,0.43984742100902174,0.4945884020494528
classical,gap,191,0.3508655362100296,0.35409848432155827,0.9209219882768664,0.8246666666666667,0.2035521084591469,0.43361547564488684,0.5035254510212653
classical,gap,192,0.3556769913502303,0.3588871584400404,0.9227928300249572,0.8386666666666667,0.21310869753195547,0.4258914694403712,0.519096496107004
classical,gap,193,0.35172403214661846,0.3503719548760658,0.9209150388026757,0.8293333333333333,0.2287041978847198,0.4413969180325917,0.5257335322671166
classical,gap,194,0.352610774299701,0.35984464926985854,0.9201150172829731,0.8293333333333333,0.22670200723513972,0.4465162980969266,0.5171758213234089
classical,gap,195,0.35278241520407727,0.35111987608019324,0.9204173490408303,0.8333333333333334,0.205344684069372,0.41636446077341016,0.502891524667751
classical,gap,196,0.3520769767165262,0.3608502786203753,0.9190918106914958,0.8379999999999999,0.21492985945771909,0.4279380298798959,0.4967827446966514
classical,gap,197,0.3540730571459919,0.37365113549562984,0.9155827077229775,0.8226666666666667,0.2165738901583778,0.41475419384709056,0.5135727396503919
classical,gap,198,0.349930603158741,0.35860082617976574,0.9178024605510228,0.8346666666666668,0.21255121535550545,0.45722032089115705,0.5132485692854942
classical,gap,199,0.3525619932469166,0.35888500155629544,0.9185652385891944,0.8333333333333334,0.1937065640753577,0.44559689052371343,0.4992067978216159
classical,gap,200,0.3509470637364026,0.3769442212841482,0.9155867362765729,0.8146666666666667,0.20414943327515928,0.47531315388558637,0.491834979626263
classical,mu,1,0.6797663961704821,0.6307285022263727,0.7186665328766522,0.6513333333333333,0.15578952918392525,0.24653156908109883,1.3919134557210608
classical,mu,2,0.6120682020190483,0.6042664127151172,0.7626021360516604,0.6980000000000001,0.2848193453763638,0.41679500793082813,0.9829426549695512
classical,mu,3,0.5826640775583607,0.5807298224071661,0.788648696623585,0.7173333333333333,0.2894392173480165,0.4235691996844575,0.8831611732401964
classical,mu,4,0.5689662629207984,0.5870009957440198,0.7814551103179792,0.7073333333333333,0.30068498377946895,0.4251317703364739,0.814715140752506
classical,mu,5,0.5629980354253203,0.585236858535558,0.7884909719915131,0.7073333333333333,0.31631164757258584,0.42142122923642666,0.7839636486616919
classical,mu,6,0.5593186388372365,0.5783426793434967,0.799142317179332,0.724,0.3342776372325706,0.40296208000867983,0.7419160867589062
classical,mu,7,0.5539404582857774,0.5643985599707813,0.7937817035532561,0.7299999999999999,0.34099181273900736,0.4106048996083243,0.757120984398151
classical,mu,8,0.5522630316677193,0.5649682437912561,0.7953142150883573,0.7333333333333333,0.3385266361130422,0.39774212889349464,0.7430211441268253
classical,mu,9,0.5499212625872849,0.553178832889845,0.8039615536833958,0.748,0.33700651021704353,0.3965293885207263,0.7356477030131037
classical,mu,10,0.545336909995589,0.5622873732849645,0.8023132577118284,0.7306666666666666,0.33498696299232056,0.3865249499614786,0.722725759114403
classical,mu,11,0.5451093812473216,0.5711363879226459,0.8000610479122207,0.7306666666666668,0.32168483020420346,0.38711009658776063,0.6966495085792288
classical,mu,12,0.5436699365452127,0.5499437524514893,0.8108229456690266,0.7419999999999999,0.3307199796104402,0.385932957987127,0.6748336065319427
classical,mu,13,0.5423975036858077,0.5436901788748802,0.8045112326136301,0.7446666666666667,0.3435928061233511,0.40135751611936754,0.6807535339448678
classical,mu,14,0.5407996166052957,0.551721045749262,0.8021358047848238,0.7313333333333334,0.33888362369891717,0.3906652893180535,0.6519541235499902
classical,mu,15,0.541760484251703,0.5704876121329143,0.7975537462746066,0.7266666666666668,0.3455309560419317,0.3979707490583957,0.6424608705240847
classical,mu,16,0.5404708445272892,0.5733019472714515,0.8047839247857954,0.7299999999999999,0.35648791270938107,0.40525428843038086,0.6433541503747762
classical,mu,17,0.5391266794000596,0.5693933048155159,0.8080183544049326,0.7146666666666668,0.35201031495300517,0.4010129436767699,0.635999478188942
classical,mu,18,0.5383793181610865,0.5562680340657631,0.8015241260119055,0.7453333333333334,0.35439607682706176,0.38541959633772405,0.6103185056637506
classical,mu,19,0.5378620210989806,0.5732715416116019,0.7938880921789638,0.7233333333333333,0.3471516289122048,0.4121164000264814,0.5994191759492019
classical,mu,20,0.5363656141954828,0.5681492539506096,0.7963717599489764,0.74,0.34051336441704605,0.4026613865043041,0.5802827278695595
classical,mu,21,0.5376275025091746,0.5467888785706212,0.8037226348703644,0.7406666666666666,0.3682688581363869,0.4054092465188429,0.600464088859371
classical,mu,22,0.5353738892642431,0.5553796563272675,0.8041492888121967,0.7313333333333333,0.3616252824332478,0.402828392896336,0.5875498587101771
classical,mu,23,0.5369595527242346,0.5601860616921137,0.7950391806290025,0.716,0.3435857290306756,0.38472368125078354,0.5554848575837553
classical,mu,24,0.5368232993590089,0.5585179746920865,0.8018734768736934,0.7273333333333334,0.3744012094890877,0.4047474334355628,0.580036635898012
classical,mu,25,0.5363667057172691,0.5601318057365716,0.7990437494479468,0.7366666666666667,0.37355506295370955,0.39794078309733716,0.5510220112084399
classical,mu,26,0.5349478134640643,0.5543672290587176,0.8026843254248549,0.75,0.3882570167803753,0.3875085127025041,0.5367842454590303
classical,mu,27,0.5345801853376131,0.5606455423125687,0.7956882634091214,0.7233333333333334,0.4014822515228884,0.37534832948888086,0.5244142005853909
classical,mu,28,0.535946307072217,0.5713641605367883,0.7935484299327469,0.736,0.37676862610793854,0.36686909561564685,0.5268254660212893
classical,mu,29,0.5354833356258897,0.572812033172852,0.7865812268961451,0.7193333333333333,0.39755791685610276,0.3540587262672836,0.5364469060216722
classical,mu,30,0.5351729310303527,0.5584412384669606,0.7967836963695814,0.7246666666666667,0.3983100787551132,0.3644659340602952,0.5254632270641368
classical,mu,31,0.5359942775856641,0.5720950138491269,0.7937514229525059,0.7446666666666666,0.4047552144284777,0.37021764699401133,0.4961129764166262
classical,mu,32,0.5329353992307533,0.5575001785379523,0.7987817354859794,0.742,0.4267735672000369,0.37188849867859697,0.5152063825893747
classical,mu,33,0.533078222070751,0.5569654109533876,0.7986435778925213,0.742,0.3970930281428399,0.36529002301658303,0.5098391425569091
classical,mu,34,0.5329762547249024,0.5630066970232874,0.7871028204837984,0.736,0.4101681573570673,0.36419595432725016,0.51263783341134
classical,mu,35,0.5326522422562447,0.5664683541087434,0.7995948359845856,0.7333333333333332,0.42002287265356353,0.36828621228153685,0.508596849136267
classical,mu,36,0.5337117143444889,0.5477897525106866,0.8000575905954672,0.7346666666666666,0.4056884241148767,0.36211994005766035,0.48576044067984936
classical,mu,37,0.5318001601035041,0.5498900630635519,0.7997039203111618,0.7386666666666667,0.3935082464872772,0.376575001080057,0.4974675154977297
classical,mu,38,0.5313275151034613,0.5504750182917342,0.8069147538634593,0.7313333333333334,0.3843681783628368,0.3552849284950037,0.5064508941045875
classical,mu,39,0.5311366898043317,0.5682338709152924,0.8007548390322394,0.7306666666666666,0.3894967267785078,0.34051677213529186,0.49451085853191
classical,mu,40,0.5323215710386496,0.5505449091000483,0.7991295272912543,0.7486666666666666,0.3899585178663014,0.34250085364092875,0.49692424636132654
classical,mu,41,0.5299531874049704,0.5480906238490715,0.80501044491931,0.7406666666666666,0.4083930194794637,0.3483505575812657,0.4992162178822498
classical,mu,42,0.5318978629576655,0.554103969949414,0.8084726751839947,0.7306666666666668,0.380926743892953,0.36351790864520184,0.5090545661552284
classical,mu,43,0.5297296078117115,0.5484016156768581,0.7997789666826108,0.736,0.3940555095877867,0.3457469422401484,0.5058393291905275
classical,mu,44,0.5299012302920068,0.5750583916399628,0.7968730011511357,0.7253333333333334,0.37175980217709653,0.35544395564108144,0.48706730169390744
classical,mu,45,0.5321717339201902,0.5455810623355211,0.8085056221337176,0.7366666666666666,0.36259362494993325,0.3510330860726799,0.4923447080884674
classical,mu,46,0.5275361462641013,0.5537613746713226,0.8043130395300775,0.7420000000000001,0.36722882287678255,0.35910191669435126,0.49578744803953756
classical,mu,47,0.5299484269364789,0.5404161943400589,0.811134528589452,0.742,0.3758799376261529,0.3265442804038689,0.4866900643478166
classical,mu,48,0.5325012737382047,0.5555633855502433,0.8015317825777206,0.7373333333333333,0.4104841867490602,0.34938365347997646,0.5006920728684516
classical,mu,49,0.5314851920180738,0.5598949178690091,0.7879091268868408,0.732,0.38946882846050934,0.3412406849894957,0.4939066032887237
classical,mu,50,0.5430732125252986,0.5609551168126442,0.7912309554243373,0.7406666666666666,0.35890463189427796,0.3411345053876212,0.47591813259035637
classical,mu,51,0.5384767891393706,0.5476618608416369,0.7939289066928529,0.74,0.3583627247861878,0.35157655156339507,0.4715537746456257
classical,mu,52,0.5400458799207559,0.5521276291158672,0.7941879270655857,0.7299999999999999,0.3871710305501728,0.34535542551044507,0.4768774367336269
classical,mu,53,0.5391352884144205,0.5592895200733716,0.7993451208207203,0.7366666666666666,0.3796904795882293,0.33434072524784203,0.46020141580498786
classical,mu,54,0.5375173695268602,0.5693574218701105,0.7902408273300535,0.7266666666666667,0.3938859852698183,0.34170471363962573,0.473901366922294
classical,mu,55,0.5374801023450988,0.553619520580396,0.8012648899070862,0.7433333333333334,0.4032699661622514,0.3370234788964301,0.459953513334026
classical,mu,56,0.5364363735302952,0.5567186082455641,0.7954115410636424,0.7246666666666667,0.38333670426413313,0.34043961407471335,0.46912473860471005
classical,mu,57,0.5363639395990127,0.5582389411050827,0.7906720042493907,0.724,0.3851164006367377,0.34469909902038676,0.46679601077321864
classical,mu,58,0.5358282821430949,0.5739472988545894,0.7988514206251813,0.7260000000000001,0.38180409163738604,0.3309194812423546,0.4605815244457057
classical,mu,59,0.5338921607163508,0.5606939741586393,0.7981467708670009,0.74,0.3940839400691079,0.33519646165173894,0.4704624125746447
classical,mu,60,0.5324715562331075,0.5636715562642396,0.7986164173522392,0.74,0.41346966027524196,0.3529251549349194,0.4726934375109221
classical,mu,61,0.5347484455682084,0.5559496007835647,0.8051840319561216,0.7306666666666667,0.37856382866136973,0.3406505285482008,0.47357635533871445
classical,mu,62,0.531291043961264,0.5619282032394161,0.7982784302286301,0.7273333333333334,0.38893154908358885,0.3282261571601033,0.47235827711716966
classical,mu,63,0.5326987486237722,0.5589047218334551,0.8010769068569014,0.7240000000000001,0.37949592178240504,0.34154454596226524,0.4714808532334013
classical,mu,64,0.5314981512799586,0.5577139009456149,0.7985079476631798,0.7393333333333334,0.3767792933425867,0.35611416060541917,0.4605342219293441
classical,mu,65,0.5330782995941802,0.5614947739918716,0.7881618472293469,0.7233333333333334,0.3775710661436743,0.336173330750586,0.44704221726619375
classical,mu,66,0.5326269097212837,0.5598446190728185,0.7967621066517355,0.7326666666666666,0.37020555794929466,0.327923742865134,0.46377086339788604
classical,mu,67,0.534216840934622,0.5508423280430337,0.8003000543364491,0.7386666666666667,0.3842614884264279,0.3405844004529185,0.461618878513167
classical,mu,68,0.5320191095403449,0.5545605371470252,0.7988807744090354,0.7306666666666666,0.38918559443904066,0.32388330038363955,0.46766340899186465
classical,mu,69,0.5319930840064346,0.5626818622009206,0.8027504413431069,0.7293333333333334,0.4037271966902602,0.3346512619471448,0.46918806343122077
classical,mu,70,0.5328910915345852,0.5582634427278148,0.7894821663307346,0.7353333333333334,0.38004499629989974,0.3263362832486167,0.45587833396633937
classical,mu,71,0.5327145642598208,0.5531757069354256,0.7955696279266437,0.736,0.3854505610854181,0.34436981826548074,0.45932807143890475
classical,mu,72,0.5313816016082329,0.5659673500101393,0.794021046511407,0.7253333333333334,0.36095990993768157,0.3249709313576219,0.45682521735921766
classical,mu,73,0.5314242893490652,0.5689938153624535,0.7959118206685902,0.736,0.39801656648514927,0.3505271693895785,0.46612480594345174
classical,mu,74,0.5333144985146397,0.5665902660222104,0.7967345248132128,0.7326666666666666,0.4014808713594566,0.3541041506316877,0.46424920340636466
classical,mu,75,0.5355493508932874,0.5613839762480929,0.7995923351683133,0.7280000000000001,0.4011894900130547,0.3663242044789884,0.4537665870087384
classical,mu,76,0.5342363477249265,0.5610578259645651,0.7983415346147906,0.7286666666666668,0.41823679512561107,0.36657372558504087,0.44535650645510805
classical,mu,77,0.532677754071703,0.556637732798544,0.7917974038106694,0.732,0.42062544695122844,0.37203692762323776,0.4456971855878991
classical,mu,78,0.5352307477842888,0.557372290649296,0.7945059325086972,0.7233333333333334,0.41109464455929173,0.3741961902021421,0.43832488016747984
classical,mu,79,0.5329902365725114,0.5479639961874733,0.8011247227987475,0.7353333333333334,0.40894088511607185,0.3614465221393304,0.4408198300307977
classical,mu,80,0.5313707909346234,0.5580675693463999,0.7945552024125428,0.74,0.39222763103110536,0.35491550929946414,0.4582733918743015
classical,mu,81,0.5338058940774342,0.5783547928561359,0.7895161824284016,0.7160000000000001,0.39341712856800704,0.3295067303680414,0.4421181900535475
classical,mu,82,0.5347496821728571,0.5457390045334274,0.8018724831329029,0.7333333333333332,0.422966811175264,0.3649627426064339,0.45541962793648627
classical,mu,83,0.5324220147736516,0.5660738008179081,0.7905540447003129,0.7226666666666666,0.3957704919527716,0.3457463958723451,0.44690198366187917
classical,mu,84,0.5327289217893746,0.55753750055066,0.7973558877771986,0.7286666666666667,0.40259029003092694,0.33679156236585417,0.4424160739772569
classical,mu,85,0.5368098500600844,0.559120495548006,0.7900832348973673,0.7273333333333334,0.38196346307685286,0.3307149615890931,0.45134733143225414
classical,mu,86,0.5337340490200537,0.5595482737512018,0.796568756306687,0.736,0.39452173141402574,0.36727803537047304,0.45098178553656154
classical,mu,87,0.5331067967641683,0.5535617573849547,0.7991724926835486,0.738,0.38476015561201005,0.33573556153666123,0.42110353348065355
classical,mu,88,0.5344149372065192,0.5575366934490157,0.7926914469671473,0.7273333333333334,0.38447070989305265,0.3512386011119965,0.4385176560387733
classical,mu,89,0.5327102737470839,0.557469348797885,0.7957784470422183,0.7219999999999999,0.3951843905353061,0.3370588435073491,0.442074902769049
classical,mu,90,0.5333773869700751,0.5556129391156137,0.7875751788152521,0.7340000000000001,0.38826358189522703,0.33085185139930345,0.4423342435799068
classical,mu,91,0.5350044531863402,0.5566102326464218,0.7970003990668861,0.7220000000000001,0.3586468065105019,0.33021046948323896,0.43048610504289214
classical,mu,92,0.5310325516906301,0.5620332359205931,0.792750776983805,0.7286666666666667,0.40024818859542,0.34061071280549593,0.4515504849044256
classical,mu,93,0.5317285260249014,0.5411308061222856,0.8048306889567447,0.7426666666666666,0.383420157673859,0.3325164237315609,0.44915487547408645
classical,mu,94,0.5337349987172463,0.5571418239461878,0.7977570071719808,0.7380000000000001,0.38387190731301,0.3397413990478592,0.4437420318726158
classical,mu,95,0.5333696401939605,0.5718545326282425,0.7983366174849946,0.7386666666666667,0.4220523971071663,0.3513061496669664,0.42732453006869003
classical,mu,96,0.5325944518287906,0.555687808034631,0.7933485037251014,0.7266666666666667,0.39711428710127933,0.3327572363135191,0.4231193907006718
classical,mu,97,0.5345115813874005,0.5560129379338273,0.7991362961166347,0.7286666666666666,0.4001211150548814,0.3353807521268447,0.4328870806355245
classical,mu,98,0.5344788989618567,0.5651695895319183,0.7944612974653846,0.726,0.43036451408645837,0.35638603879656383,0.43596833964375054
classical,mu,99,0.5343702741743568,0.5498997350772843,0.7974920351210593,0.7406666666666666,0.4579471591519074,0.36109033141106583,0.43544851329644835
classical,mu,100,0.5333395399399288,0.55952973967096,0.7871101016537745,0.73,0.43853183641888804,0.3456053017697219,0.42601596138675113
classical,mu,101,0.5316542201665737,0.5623591618928281,0.8005663038814965,0.7346666666666666,0.426096852605662,0.3404665910574538,0.4323775657817631
classical,mu,102,0.5336458516912957,0.5587752514320892,0.7974613071669188,0.7366666666666667,0.43653223936812147,0.33948097670026384,0.42609353872627687
classical,mu,103,0.5345813896943447,0.5698787003007407,0.8010539439091785,0.7220000000000001,0.441175892272455,0.35574223932819127,0.4416979446766797
classical,mu,104,0.5338272481771815,0.5416416089915049,0.7986145020030462,0.744,0.4127637065242761,0.3396940032219099,0.4406934373142658
classical,mu,105,0.5319774640277102,0.5503824439910241,0.8015440981879047,0.742,0.3922950811676117,0.32150439426214766,0.43626049878602735
classical,mu,106,0.5326569435523723,0.5553134088969479,0.792227354218517,0.7266666666666666,0.4129343232786732,0.3321860081242866,0.4350201015896954
classical,mu,107,0.5353484418462744,0.5608060014501679,0.8024749581210082,0.7346666666666667,0.43216495226461304,0.3438230477581665,0.431323470131917
classical,mu,108,0.5330051097150872,0.5623423664948592,0.7979761893402859,0.718,0.41317667111204326,0.331213248978488,0.44395682605543046
classical,mu,109,0.5334110133871046,0.5770608982755803,0.7911235316351396,0.7186666666666667,0.4266156098581875,0.3386509529051992,0.44508954957578767
classical,mu,110,0.5340288632643908,0.5600643962728402,0.7943685345529502,0.7353333333333333,0.4167145341064541,0.3390100272398275,0.4376832922138025
classical,mu,111,0.5330838892157185,0.5427928849163,0.8008739612631979,0.7466666666666665,0.4227635550027518,0.35398764047881953,0.43466616883072745
classical,mu,112,0.5351288343040773,0.5622437027043974,0.7862425262674815,0.7339999999999999,0.43893906017937956,0.34074427063344104,0.43593083147799155
classical,mu,113,0.5378485510092192,0.5625712304199115,0.787918062760385,0.7180000000000001,0.4460533792610509,0.34430550207996957,0.43399161458484314
classical,mu,114,0.5384754211838902,0.5747110546935971,0.7922032187829042,0.7253333333333335,0.4375743479077417,0.3362400871524022,0.4387801353029538
classical,mu,115,0.5363516198455303,0.5625053616861503,0.791445823381915,0.7326666666666667,0.43753780957157373,0.3359224051886561,0.43710177921108573
classical,mu,116,0.5342226082625745,0.5605331836682744,0.7922294519991573,0.7413333333333332,0.44626145375003423,0.3498643091561841,0.43530987604694715
classical,mu,117,0.5330879635875363,0.5540990501882044,0.7957124637194285,0.7246666666666668,0.4364194712703913,0.33957871266176076,0.43594720063751435
classical,mu,118,0.535328048886565,0.5522281722673215,0.7967750883860679,0.7426666666666666,0.4644192206944475,0.3566357601473268,0.4483558024584894
classical,mu,119,0.5381325105975544,0.569610379949212,0.7924423704556421,0.7126666666666667,0.41744365761800883,0.34445671638127134,0.432427332874415
classical,mu,120,0.5359332598961439,0.5559808918936178,0.798234429000975,0.7473333333333334,0.4371457615370762,0.3513963343610821,0.42303292258739794
classical,mu,121,0.5338728828903518,0.5524701870015513,0.7964042000802775,0.7333333333333334,0.44938779879744084,0.3614033313386601,0.4333270540758362
classical,mu,122,0.5346996216829607,0.5630249257059768,0.7958545188010709,0.718,0.43536453512964296,0.35397916557839687,0.4381698759346671
classical,mu,123,0.5322287322636039,0.5634055272114153,0.7848206914635252,0.7253333333333334,0.4428744683503446,0.3348836482095477,0.4249957620021833
classical,mu,124,0.5376491585450132,0.5566766272095653,0.7986697266754039,0.7353333333333334,0.44776218329539086,0.3443227067366167,0.43212258566007106
classical,mu,125,0.5333251457469872,0.5634236362893135,0.7899599830660022,0.7339999999999999,0.4334205238488673,0.33404411280523144,0.4199384892825201
classical,mu,126,0.5335483720230212,0.5687019947332641,0.7904733694354552,0.7140000000000001,0.43126490730414124,0.3229764066645454,0.41444487290235116
classical,mu,127,0.5318476879791287,0.5700167051876586,0.7961600672975007,0.7246666666666666,0.4403673754192884,0.3224167112264095,0.42646078054271486
classical,mu,128,0.53381323645099,0.5504297232439663,0.7971607503104783,0.7466666666666667,0.4297113355758942,0.32443078628951916,0.41214320343832467
classical,mu,129,0.5306140246212399,0.5637735427054577,0.794832338422622,0.7246666666666666,0.42799332755450026,0.3123126355268157,0.3978310171633251
classical,mu,130,0.531775824386067,0.5581775967784536,0.7958622103813826,0.7299999999999999,0.4006690178919278,0.3286903719541092,0.42231181483898456
classical,mu,131,0.5348180162652681,0.5542281878807893,0.7916778413013436,0.7386666666666667,0.37927948083483176,0.30056011296173674,0.4160407239494252
classical,mu,132,0.5317852548108124,0.5747488397130122,0.7909491661157488,0.716,0.39515027210380294,0.29720031675853986,0.4065317973728394
classical,mu,133,0.5305495326508631,0.5690596139694875,0.789349127957183,0.7186666666666668,0.3900355312226636,0.310159571106784,0.4203249204744447
classical,mu,134,0.5347753413576417,0.5598185275816359,0.7805616462728528,0.7366666666666667,0.3745259187016764,0.3231272096375831,0.40718454778580015
classical,mu,135,0.5335109812998582,0.5620864089236906,0.7876561011191185,0.732,0.38618017759551543,0.32461886662066786,0.4105157872530856
classical,mu,136,0.5309630519649271,0.5593977277309944,0.7880846195565031,0.734,0.36905019408149836,0.32280834407505354,0.40939271887661405
classical,mu,137,0.5327265870975049,0.5510399822272981,0.7971662086312941,0.7339999999999999,0.3906479072444866,0.315736837119054,0.41533194819273866
classical,mu,138,0.5324383578209444,0.5710404091222834,0.7896076369058835,0.7033333333333331,0.3855166735842187,0.3149886996474604,0.4034819010118104
classical,mu,139,0.5341338027323975,0.5766269669649191,0.7896569827119333,0.7206666666666666,0.37391943372465775,0.3199895916287388,0.4079693943551563
classical,mu,140,0.5310533758360979,0.5617194493464195,0.7909492562279328,0.7306666666666666,0.3580593158245323,0.31280665026097265,0.4088988817413184
classical,mu,141,0.5324891382835378,0.5737328703859822,0.782926355453281,0.732,0.39033520590515547,0.3211884347139514,0.4012644189793598
classical,mu,142,0.5378888721434031,0.5611466531863747,0.7853192358937654,0.7246666666666666,0.38946566703991736,0.33150769217605786,0.40651216134876533
classical,mu,143,0.5347245334501413,0.5704109559692443,0.7837118895110391,0.73,0.3663640804130807,0.3291754258065014,0.400492664479569
classical,mu,144,0.5394352231822074,0.5728578654291728,0.7941020374138545,0.72,0.3609177617025775,0.35104679599171307,0.3921487959617192
classical,mu,145,0.53626014249515,0.5566083122274529,0.7854100873133064,0.732,0.3626993012701333,0.32449333671436026,0.3953488723652466
classical,mu,146,0.5339848322483248,0.551123294040871,0.7977514580149967,0.7266666666666668,0.35539699727278584,0.31893665398573773,0.40214484904354925
classical,mu,147,0.5346272904002781,0.5601428633588366,0.7881330914217288,0.7266666666666667,0.4208353903997065,0.3310283467273607,0.4148174541604412
classical,mu,148,0.5372058047723518,0.5545858743889257,0.7924429566289002,0.7433333333333333,0.40011269491567986,0.3343639605706612,0.4137734990132372
classical,mu,149,0.5369278024622685,0.5739896236723289,0.7856473803767448,0.7266666666666668,0.390047613170328,0.32551550358447734,0.4072277959419899
classical,mu,150,0.5390373455518608,0.5647085773007323,0.7882374038185538,0.7133333333333333,0.4566884373547161,0.323889121009585,0.4198041607037809
classical,mu,151,0.5357973340470304,0.5467971757928219,0.7982517903458438,0.7419999999999999,0.461519457170671,0.33187581381958847,0.4187530766441732
classical,mu,152,0.5413730984757621,0.5498438354437238,0.7963434942707314,0.7386666666666667,0.49180870898222634,0.3556247967823146,0.42964230254031816
classical,mu,153,0.535211431239208,0.5751742699220775,0.7860528373559328,0.7273333333333334,0.41645968771152475,0.32797368419811723,0.4095232544825536
classical,mu,154,0.5363607784423057,0.5633573398490748,0.7892504339521544,0.734,0.34595724832948366,0.32393794024286626,0.4010728409028018
classical,mu,155,0.5368994293765594,0.5627453969151247,0.7906778630267542,0.7353333333333334,0.41053283864695933,0.3366111158077034,0.40947584071832266
classical,mu,156,0.5367444100174152,0.555895089507103,0.7975465636633876,0.7333333333333334,0.4597017860700724,0.3338949894061139,0.41517268476097513
classical,mu,157,0.5359130400738492,0.5584174090609886,0.7854807187402935,0.7273333333333334,0.42308535331989294,0.35577535713225367,0.40157535033240094
classical,mu,158,0.5360870167542658,0.5519430621430897,0.7919947031745881,0.7286666666666667,0.4442783012742801,0.33019293416576245,0.4086208291403217
classical,mu,159,0.5331977088144747,0.574401564004831,0.792476875593509,0.7193333333333334,0.43951322011219035,0.3269288257177236,0.39809995840174117
classical,mu,160,0.5353436881001981,0.5714523750547474,0.7906131082072524,0.7313333333333333,0.42642083229655237,0.32708650554651014,0.39294664181326755
classical,mu,161,0.5312433971115431,0.5606276169186459,0.7908913181273924,0.7273333333333334,0.4102973840324058,0.32261876200238704,0.3967273988687985
classical,mu,162,0.5297348392277194,0.5702873815678371,0.7965829966728657,0.728,0.40910310219405427,0.34637732199733423,0.3980477222652861
classical,mu,163,0.5339482945519091,0.5529849252539376,0.7939999951890395,0.7346666666666667,0.3979792966341317,0.31540999571627476,0.3854211036239542
classical,mu,164,0.5320675378441481,0.5518005780462796,0.7945663582952265,0.7386666666666666,0.37953311849901017,0.31863443500878996,0.37483945984301736
classical,mu,165,0.5318617100062355,0.5609106789302702,0.7853354492214166,0.7313333333333334,0.4042426000109577,0.31288910769803235,0.3848896205896793
classical,mu,166,0.5329783674462403,0.548165865348652,0.7962515914167065,0.7353333333333334,0.42265822090977173,0.3444208511795213,0.3869049247440371
classical,mu,167,0.5326217206311913,0.5678814767909547,0.7825167357065906,0.7253333333333333,0.40541041726951016,0.3400152318741904,0.38038203674052357
classical,mu,168,0.5313952071119292,0.5528524136256892,0.7924604037669899,0.73,0.4221867878243507,0.3530100318868517,0.38895908015369945
classical,mu,169,0.5336745028521832,0.5758386529816004,0.7828010335547232,0.722,0.4126938140080891,0.3247364838054904,0.3862460664158519
classical,mu,170,0.5313682881010335,0.5590115496727328,0.7894880493975858,0.7193333333333333,0.4294206767415248,0.3300957536636662,0.3993076026597818
classical,mu,171,0.5314601452278688,0.5685247517712415,0.7968212751081943,0.7166666666666666,0.4026440460161547,0.3214733843450733,0.37375185535591726
classical,mu,172,0.5316313045747151,0.5604326395179766,0.7906152554435791,0.7266666666666666,0.424080155974991,0.3263802759171878,0.37418649384954306
classical,mu,173,0.5324842709640271,0.5615085080092153,0.7956288007301403,0.73,0.4676561925699378,0.34333187402174514,0.3944381956976212
classical,mu,174,0.5339142211363003,0.5444002533655924,0.7913170275427148,0.7419999999999999,0.4164654080494814,0.3329842208986978,0.3847690355384006
classical,mu,175,0.5330954253579667,0.5619989885832182,0.7909092425180431,0.7286666666666666,0.43242315235053963,0.32577348250973864,0.39013431763874984
classical,mu,176,0.5309994560161423,0.5746894250555584,0.7867859660292424,0.7273333333333334,0.4288814217894945,0.3309858645551264,0.39352109486214004
classical,mu,177,0.5293284141310044,0.5716019840153557,0.7898912730083589,0.7266666666666667,0.40047452945141176,0.2828587012066329,0.3800817761462957
classical,mu,178,0.5314408973613385,0.5694431313221964,0.7854699017600189,0.7246666666666667,0.41633655853015783,0.3132855060492239,0.3870191289638997
classical,mu,179,0.5322673281731405,0.5437435553868613,0.7979191578769194,0.7486666666666666,0.40709511347974703,0.3114459176798178,0.37826621977847297
classical,mu,180,0.532880254471932,0.5556207999829204,0.7994459807771613,0.7246666666666666,0.39225474274379174,0.30826961186726387,0.38500039705178624
classical,mu,181,0.5310925157176631,0.563840270399116,0.7925977645268167,0.7260000000000001,0.3917562059214609,0.32351319874195517,0.3888225023594014
classical,mu,182,0.5319802062124406,0.5657910626313338,0.7928754873633672,0.7273333333333334,0.39527720340876815,0.3161942116110434,0.3944593932406487
classical,mu,183,0.529982396707609,0.563343968168522,0.7884047271262934,0.7333333333333333,0.4008407088195794,0.3049966562640492,0.3880088173245719
classical,mu,184,0.5295675534851167,0.5584592180798451,0.7924933628999564,0.7386666666666667,0.39840307791232654,0.29356167430162466,0.3836538513092444
classical,mu,185,0.5299263937937475,0.5526896693027423,0.7964344015686107,0.7326666666666666,0.3683440273377879,0.29905577704021813,0.38398000694645
classical,mu,186,0.5326854234179658,0.5452391206980682,0.7899108580459118,0.7393333333333333,0.40211309075823304,0.32461420480446895,0.3843895128096475
classical,mu,187,0.5305523244328373,0.5545411166573564,0.8001599500308842,0.7313333333333333,0.3792669837666701,0.2974284602331307,0.3821577078918838
classical,mu,188,0.5279916532325223,0.5686592535628783,0.787305625981397,0.724,0.3941905713517021,0.2955584675700918,0.37535564513537495
classical,mu,189,0.5285405499934023,0.5782290123459728,0.7870863043486322,0.7233333333333334,0.4049464749403658,0.3037519380504561,0.4026443393462726
classical,mu,190,0.5317444400412874,0.5512975321312746,0.7919334325452176,0.7386666666666668,0.3813501569840426,0.29138545143133665,0.4073288059280994
classical,mu,191,0.5290944153413585,0.5745561032830737,0.789467705207953,0.7193333333333333,0.3977313331137535,0.31105092409604973,0.3991376788370347
classical,mu,192,0.5291244297760619,0.5543541534931088,0.7872974121883629,0.7300000000000001,0.41354424357035724,0.3274069862332343,0.40219763294714417
classical,mu,193,0.5319085923842606,0.5545508329564084,0.7913673356727832,0.7266666666666666,0.386432589319206,0.30451975557972555,0.3686611019451159
classical,mu,194,0.5328572599181665,0.5595886921226046,0.7838219378756829,0.7266666666666667,0.373733582268705,0.2863149408181607,0.3768292960275096
classical,mu,195,0.5324060992969717,0.5651639795193137,0.7854123281015871,0.7253333333333332,0.37490804199724204,0.2949597859049993,0.3856662845199049
classical,mu,196,0.5320867268710132,0.5720533770378678,0.7804772234314332,0.716,0.42367021372693314,0.3101248072994496,0.39996447558552267
classical,mu,197,0.5306687800830437,0.5604231782045681,0.7858159143059366,0.7226666666666667,0.3756431993776938,0.3068391757541879,0.39303582647247
classical,mu,198,0.5302376843567058,0.5547821639801065,0.7884435176755871,0.7153333333333334,0.3621541444768544,0.2964793281447066,0.3777070062911131
classical,mu,199,0.5294320621345375,0.5678613523766398,0.7841899593164858,0.724,0.36607712017671795,0.3166386413814338,0.39860519989100884
classical,mu,200,0.5314012489620064,0.5771512008820816,0.7859573837422702,0.7233333333333334,0.3846046925070634,0.31404450588782973,0.40210293969385963
